[
{
    "model": "auth.user",
    "pk": 1,
    "fields": {
        "password": "pbkdf2_sha256$180000$7zZFlxKN6NwE$e3I8QlS5BgDEn3fCosVkRTaBbnG8LOzfsB+qXB3pwy8=",
        "last_login": "2020-07-29T12:47:15.085Z",
        "is_superuser": true,
        "username": "admin",
        "first_name": "",
        "last_name": "",
        "email": "neformatinc@gmail.com",
        "is_staff": true,
        "is_active": true,
        "date_joined": "2020-07-27T11:06:43.513Z",
        "groups": [],
        "user_permissions": []
    }
},
{
    "model": "sessions.session",
    "pk": "0dmur9ylzcb64eqkn50rb3pldn5d75el",
    "fields": {
        "session_data": "MTIzNWFhN2YyODI5NzVlMzYwNWY3ZTA2ZGM4ZjcxY2Y4MjZmZGUwMjp7ImNhcnQiOnsiMSI6eyJxdWFudGl0eSI6MSwicHJpY2UiOiI4NDk5MCJ9fX0=",
        "expire_date": "2020-08-11T07:47:41.553Z"
    }
},
{
    "model": "sessions.session",
    "pk": "37zj935te3zai6vw73xneghbls9vdays",
    "fields": {
        "session_data": "Njc2ZjVjMzI4YWM5NGI4ODAzMDcxMTIyNDhmZjU5NDJjY2MxOTIzNTp7ImNhcnQiOnt9fQ==",
        "expire_date": "2020-08-12T07:54:14.006Z"
    }
},
{
    "model": "sessions.session",
    "pk": "5bktc6idslmhzhx8yztsuzcsbsdloi8v",
    "fields": {
        "session_data": "ZjNmNjQ3ZjA4YTIxYjlmNzE4MjQ5MTFjNDg1N2RiNDdmNjEzOWU0ODp7Il9hdXRoX3VzZXJfaWQiOiIxIiwiX2F1dGhfdXNlcl9iYWNrZW5kIjoiZGphbmdvLmNvbnRyaWIuYXV0aC5iYWNrZW5kcy5Nb2RlbEJhY2tlbmQiLCJfYXV0aF91c2VyX2hhc2giOiI0YzQ2YmY3MTVhYWJkMDc1OGUxMTg2NGUwOGYxZDZlMjNkYTgwNmM1IiwiY2FydCI6e319",
        "expire_date": "2020-08-11T13:35:01.666Z"
    }
},
{
    "model": "sessions.session",
    "pk": "9m6qwqqfg9gye6pcpzxla31flmy6a4in",
    "fields": {
        "session_data": "ODc0M2YxODE1NGM3ZjgwY2M4NDFiNTY4YmE1NzEyZmNiZmU3NTkyNTp7ImNhcnQiOnt9LCJfYXV0aF91c2VyX2lkIjoiMSIsIl9hdXRoX3VzZXJfYmFja2VuZCI6ImRqYW5nby5jb250cmliLmF1dGguYmFja2VuZHMuTW9kZWxCYWNrZW5kIiwiX2F1dGhfdXNlcl9oYXNoIjoiNGM0NmJmNzE1YWFiZDA3NThlMTE4NjRlMDhmMWQ2ZTIzZGE4MDZjNSJ9",
        "expire_date": "2020-08-12T06:08:58.737Z"
    }
},
{
    "model": "sessions.session",
    "pk": "9ps1j8gpb21fxwx6bt8n43fvq7n6hvd2",
    "fields": {
        "session_data": "ODc0M2YxODE1NGM3ZjgwY2M4NDFiNTY4YmE1NzEyZmNiZmU3NTkyNTp7ImNhcnQiOnt9LCJfYXV0aF91c2VyX2lkIjoiMSIsIl9hdXRoX3VzZXJfYmFja2VuZCI6ImRqYW5nby5jb250cmliLmF1dGguYmFja2VuZHMuTW9kZWxCYWNrZW5kIiwiX2F1dGhfdXNlcl9oYXNoIjoiNGM0NmJmNzE1YWFiZDA3NThlMTE4NjRlMDhmMWQ2ZTIzZGE4MDZjNSJ9",
        "expire_date": "2020-08-12T08:31:19.455Z"
    }
},
{
    "model": "sessions.session",
    "pk": "aua171bvnmcg1tv909lpz1xpmwcav60l",
    "fields": {
        "session_data": "ZWY1NTIwOGNiN2YxOWY4MTg0ZWY2NTlhMjY1OWVhOTMwYjllOGQ4Mzp7ImNhcnQiOnsiMSI6eyJxdWFudGl0eSI6MSwicHJpY2UiOiI4NDk5MCJ9fSwiX2F1dGhfdXNlcl9pZCI6IjEiLCJfYXV0aF91c2VyX2JhY2tlbmQiOiJkamFuZ28uY29udHJpYi5hdXRoLmJhY2tlbmRzLk1vZGVsQmFja2VuZCIsIl9hdXRoX3VzZXJfaGFzaCI6IjRjNDZiZjcxNWFhYmQwNzU4ZTExODY0ZTA4ZjFkNmUyM2RhODA2YzUifQ==",
        "expire_date": "2020-08-10T14:26:42.184Z"
    }
},
{
    "model": "sessions.session",
    "pk": "cgxlqdb9cbrp9u2mb7477c7mlu81jveu",
    "fields": {
        "session_data": "ODc0M2YxODE1NGM3ZjgwY2M4NDFiNTY4YmE1NzEyZmNiZmU3NTkyNTp7ImNhcnQiOnt9LCJfYXV0aF91c2VyX2lkIjoiMSIsIl9hdXRoX3VzZXJfYmFja2VuZCI6ImRqYW5nby5jb250cmliLmF1dGguYmFja2VuZHMuTW9kZWxCYWNrZW5kIiwiX2F1dGhfdXNlcl9oYXNoIjoiNGM0NmJmNzE1YWFiZDA3NThlMTE4NjRlMDhmMWQ2ZTIzZGE4MDZjNSJ9",
        "expire_date": "2020-08-12T13:14:09.683Z"
    }
},
{
    "model": "sessions.session",
    "pk": "ejw4c02eaj41kzmmperfm90yjh4ton7z",
    "fields": {
        "session_data": "ODc0M2YxODE1NGM3ZjgwY2M4NDFiNTY4YmE1NzEyZmNiZmU3NTkyNTp7ImNhcnQiOnt9LCJfYXV0aF91c2VyX2lkIjoiMSIsIl9hdXRoX3VzZXJfYmFja2VuZCI6ImRqYW5nby5jb250cmliLmF1dGguYmFja2VuZHMuTW9kZWxCYWNrZW5kIiwiX2F1dGhfdXNlcl9oYXNoIjoiNGM0NmJmNzE1YWFiZDA3NThlMTE4NjRlMDhmMWQ2ZTIzZGE4MDZjNSJ9",
        "expire_date": "2020-08-12T12:17:18.886Z"
    }
},
{
    "model": "sessions.session",
    "pk": "gpooxim54sbxi3urxcy0zhy6m9zzrf7x",
    "fields": {
        "session_data": "Njc2ZjVjMzI4YWM5NGI4ODAzMDcxMTIyNDhmZjU5NDJjY2MxOTIzNTp7ImNhcnQiOnt9fQ==",
        "expire_date": "2020-08-12T13:45:49.734Z"
    }
},
{
    "model": "sessions.session",
    "pk": "k08bvwefbqft6vce336yra01iv8ez4oi",
    "fields": {
        "session_data": "ODc0M2YxODE1NGM3ZjgwY2M4NDFiNTY4YmE1NzEyZmNiZmU3NTkyNTp7ImNhcnQiOnt9LCJfYXV0aF91c2VyX2lkIjoiMSIsIl9hdXRoX3VzZXJfYmFja2VuZCI6ImRqYW5nby5jb250cmliLmF1dGguYmFja2VuZHMuTW9kZWxCYWNrZW5kIiwiX2F1dGhfdXNlcl9oYXNoIjoiNGM0NmJmNzE1YWFiZDA3NThlMTE4NjRlMDhmMWQ2ZTIzZGE4MDZjNSJ9",
        "expire_date": "2020-08-12T09:54:41.318Z"
    }
},
{
    "model": "sessions.session",
    "pk": "m9vucs8erxhhhkpzs49vmqszd3n7lupt",
    "fields": {
        "session_data": "ODc0M2YxODE1NGM3ZjgwY2M4NDFiNTY4YmE1NzEyZmNiZmU3NTkyNTp7ImNhcnQiOnt9LCJfYXV0aF91c2VyX2lkIjoiMSIsIl9hdXRoX3VzZXJfYmFja2VuZCI6ImRqYW5nby5jb250cmliLmF1dGguYmFja2VuZHMuTW9kZWxCYWNrZW5kIiwiX2F1dGhfdXNlcl9oYXNoIjoiNGM0NmJmNzE1YWFiZDA3NThlMTE4NjRlMDhmMWQ2ZTIzZGE4MDZjNSJ9",
        "expire_date": "2020-08-12T11:23:55.722Z"
    }
},
{
    "model": "sessions.session",
    "pk": "mz3gc2fkk6kojomodjhemvsi3g1flgdf",
    "fields": {
        "session_data": "ODc0M2YxODE1NGM3ZjgwY2M4NDFiNTY4YmE1NzEyZmNiZmU3NTkyNTp7ImNhcnQiOnt9LCJfYXV0aF91c2VyX2lkIjoiMSIsIl9hdXRoX3VzZXJfYmFja2VuZCI6ImRqYW5nby5jb250cmliLmF1dGguYmFja2VuZHMuTW9kZWxCYWNrZW5kIiwiX2F1dGhfdXNlcl9oYXNoIjoiNGM0NmJmNzE1YWFiZDA3NThlMTE4NjRlMDhmMWQ2ZTIzZGE4MDZjNSJ9",
        "expire_date": "2020-08-12T08:26:43.678Z"
    }
},
{
    "model": "sessions.session",
    "pk": "nstnkoidhdmys9tu088e6br0hy6b7lfi",
    "fields": {
        "session_data": "Njc2ZjVjMzI4YWM5NGI4ODAzMDcxMTIyNDhmZjU5NDJjY2MxOTIzNTp7ImNhcnQiOnt9fQ==",
        "expire_date": "2020-08-11T13:35:30.773Z"
    }
},
{
    "model": "sessions.session",
    "pk": "oa6gg0xtkjw6wkrlg9mratb2vzqrg7fv",
    "fields": {
        "session_data": "Njc2ZjVjMzI4YWM5NGI4ODAzMDcxMTIyNDhmZjU5NDJjY2MxOTIzNTp7ImNhcnQiOnt9fQ==",
        "expire_date": "2020-08-12T07:35:41.092Z"
    }
},
{
    "model": "sessions.session",
    "pk": "oiz4ey62to8dgkuzsomsqxnhpk7v7ukf",
    "fields": {
        "session_data": "MTIzNWFhN2YyODI5NzVlMzYwNWY3ZTA2ZGM4ZjcxY2Y4MjZmZGUwMjp7ImNhcnQiOnsiMSI6eyJxdWFudGl0eSI6MSwicHJpY2UiOiI4NDk5MCJ9fX0=",
        "expire_date": "2020-08-11T06:17:28.285Z"
    }
},
{
    "model": "sessions.session",
    "pk": "po08dpdmfq33lmxggubhnniwogvitwdu",
    "fields": {
        "session_data": "ODc0M2YxODE1NGM3ZjgwY2M4NDFiNTY4YmE1NzEyZmNiZmU3NTkyNTp7ImNhcnQiOnt9LCJfYXV0aF91c2VyX2lkIjoiMSIsIl9hdXRoX3VzZXJfYmFja2VuZCI6ImRqYW5nby5jb250cmliLmF1dGguYmFja2VuZHMuTW9kZWxCYWNrZW5kIiwiX2F1dGhfdXNlcl9oYXNoIjoiNGM0NmJmNzE1YWFiZDA3NThlMTE4NjRlMDhmMWQ2ZTIzZGE4MDZjNSJ9",
        "expire_date": "2020-08-11T07:16:30.347Z"
    }
},
{
    "model": "sessions.session",
    "pk": "syizb1308ojbujkwi689ej132juf3rvu",
    "fields": {
        "session_data": "ODc0M2YxODE1NGM3ZjgwY2M4NDFiNTY4YmE1NzEyZmNiZmU3NTkyNTp7ImNhcnQiOnt9LCJfYXV0aF91c2VyX2lkIjoiMSIsIl9hdXRoX3VzZXJfYmFja2VuZCI6ImRqYW5nby5jb250cmliLmF1dGguYmFja2VuZHMuTW9kZWxCYWNrZW5kIiwiX2F1dGhfdXNlcl9oYXNoIjoiNGM0NmJmNzE1YWFiZDA3NThlMTE4NjRlMDhmMWQ2ZTIzZGE4MDZjNSJ9",
        "expire_date": "2020-08-12T11:33:59.342Z"
    }
},
{
    "model": "sessions.session",
    "pk": "urt4jgm31m7ru7xpgisayge38ekzdgqy",
    "fields": {
        "session_data": "ODc0M2YxODE1NGM3ZjgwY2M4NDFiNTY4YmE1NzEyZmNiZmU3NTkyNTp7ImNhcnQiOnt9LCJfYXV0aF91c2VyX2lkIjoiMSIsIl9hdXRoX3VzZXJfYmFja2VuZCI6ImRqYW5nby5jb250cmliLmF1dGguYmFja2VuZHMuTW9kZWxCYWNrZW5kIiwiX2F1dGhfdXNlcl9oYXNoIjoiNGM0NmJmNzE1YWFiZDA3NThlMTE4NjRlMDhmMWQ2ZTIzZGE4MDZjNSJ9",
        "expire_date": "2020-08-12T11:04:15.537Z"
    }
},
{
    "model": "products.productcategory",
    "pk": 1,
    "fields": {
        "name": "iPhone",
        "slug": "iphone",
        "parent": null,
        "image": "",
        "is_active": true,
        "available": true,
        "created": "2020-07-27",
        "updated": "2020-07-27",
        "lft": 1,
        "rght": 14,
        "tree_id": 2,
        "level": 0
    }
},
{
    "model": "products.productcategory",
    "pk": 2,
    "fields": {
        "name": "iPhone 11 Pro",
        "slug": "iphone-11-pro",
        "parent": 1,
        "image": "",
        "is_active": true,
        "available": true,
        "created": "2020-07-27",
        "updated": "2020-07-27",
        "lft": 4,
        "rght": 5,
        "tree_id": 2,
        "level": 1
    }
},
{
    "model": "products.productcategory",
    "pk": 3,
    "fields": {
        "name": "iPhone 11",
        "slug": "iphone-11",
        "parent": 1,
        "image": "",
        "is_active": true,
        "available": true,
        "created": "2020-07-27",
        "updated": "2020-07-27",
        "lft": 2,
        "rght": 3,
        "tree_id": 2,
        "level": 1
    }
},
{
    "model": "products.productcategory",
    "pk": 4,
    "fields": {
        "name": "iPhone XS",
        "slug": "iphone-xs",
        "parent": 1,
        "image": "",
        "is_active": true,
        "available": true,
        "created": "2020-07-27",
        "updated": "2020-07-27",
        "lft": 6,
        "rght": 7,
        "tree_id": 2,
        "level": 1
    }
},
{
    "model": "products.productcategory",
    "pk": 5,
    "fields": {
        "name": "iPhone XR",
        "slug": "iphone-xr",
        "parent": 1,
        "image": "",
        "is_active": true,
        "available": true,
        "created": "2020-07-27",
        "updated": "2020-07-27",
        "lft": 8,
        "rght": 9,
        "tree_id": 2,
        "level": 1
    }
},
{
    "model": "products.productcategory",
    "pk": 6,
    "fields": {
        "name": "iPhone 8",
        "slug": "iphone-8",
        "parent": 1,
        "image": "",
        "is_active": true,
        "available": true,
        "created": "2020-07-27",
        "updated": "2020-07-27",
        "lft": 10,
        "rght": 11,
        "tree_id": 2,
        "level": 1
    }
},
{
    "model": "products.productcategory",
    "pk": 7,
    "fields": {
        "name": "iPhone 7",
        "slug": "iphone-7",
        "parent": 1,
        "image": "",
        "is_active": true,
        "available": true,
        "created": "2020-07-27",
        "updated": "2020-07-27",
        "lft": 12,
        "rght": 13,
        "tree_id": 2,
        "level": 1
    }
},
{
    "model": "products.productcategory",
    "pk": 8,
    "fields": {
        "name": "iPad",
        "slug": "ipad",
        "parent": null,
        "image": "",
        "is_active": true,
        "available": true,
        "created": "2020-07-27",
        "updated": "2020-07-27",
        "lft": 1,
        "rght": 8,
        "tree_id": 3,
        "level": 0
    }
},
{
    "model": "products.productcategory",
    "pk": 9,
    "fields": {
        "name": "iPad Pro",
        "slug": "ipad-pro",
        "parent": 8,
        "image": "",
        "is_active": true,
        "available": true,
        "created": "2020-07-27",
        "updated": "2020-07-27",
        "lft": 2,
        "rght": 3,
        "tree_id": 3,
        "level": 1
    }
},
{
    "model": "products.productcategory",
    "pk": 10,
    "fields": {
        "name": "iPad Air",
        "slug": "ipad-air",
        "parent": 8,
        "image": "",
        "is_active": true,
        "available": true,
        "created": "2020-07-27",
        "updated": "2020-07-27",
        "lft": 4,
        "rght": 5,
        "tree_id": 3,
        "level": 1
    }
},
{
    "model": "products.productcategory",
    "pk": 11,
    "fields": {
        "name": "iPad mini 2019",
        "slug": "ipad-mini-2019",
        "parent": 8,
        "image": "",
        "is_active": true,
        "available": true,
        "created": "2020-07-27",
        "updated": "2020-07-27",
        "lft": 6,
        "rght": 7,
        "tree_id": 3,
        "level": 1
    }
},
{
    "model": "products.productcategory",
    "pk": 12,
    "fields": {
        "name": "Mac",
        "slug": "mac",
        "parent": null,
        "image": "",
        "is_active": true,
        "available": true,
        "created": "2020-07-27",
        "updated": "2020-07-27",
        "lft": 1,
        "rght": 6,
        "tree_id": 4,
        "level": 0
    }
},
{
    "model": "products.productcategory",
    "pk": 13,
    "fields": {
        "name": "\u041d\u043e\u0443\u0442\u0431\u0443\u043a\u0438",
        "slug": "noutbuki",
        "parent": 12,
        "image": "",
        "is_active": true,
        "available": true,
        "created": "2020-07-27",
        "updated": "2020-07-27",
        "lft": 2,
        "rght": 3,
        "tree_id": 4,
        "level": 1
    }
},
{
    "model": "products.productcategory",
    "pk": 14,
    "fields": {
        "name": "iMac",
        "slug": "imac",
        "parent": 12,
        "image": "",
        "is_active": true,
        "available": true,
        "created": "2020-07-27",
        "updated": "2020-07-27",
        "lft": 4,
        "rght": 5,
        "tree_id": 4,
        "level": 1
    }
},
{
    "model": "products.productcategory",
    "pk": 15,
    "fields": {
        "name": "\u0427\u0430\u0441\u044b",
        "slug": "chasy",
        "parent": null,
        "image": "",
        "is_active": true,
        "available": true,
        "created": "2020-07-27",
        "updated": "2020-07-27",
        "lft": 1,
        "rght": 10,
        "tree_id": 5,
        "level": 0
    }
},
{
    "model": "products.productcategory",
    "pk": 16,
    "fields": {
        "name": "Watch Series 5",
        "slug": "watch-series-5",
        "parent": 15,
        "image": "",
        "is_active": true,
        "available": true,
        "created": "2020-07-27",
        "updated": "2020-07-27",
        "lft": 2,
        "rght": 3,
        "tree_id": 5,
        "level": 1
    }
},
{
    "model": "products.productcategory",
    "pk": 17,
    "fields": {
        "name": "Watch Series 4",
        "slug": "watch-series-4",
        "parent": 15,
        "image": "",
        "is_active": true,
        "available": true,
        "created": "2020-07-27",
        "updated": "2020-07-27",
        "lft": 4,
        "rght": 5,
        "tree_id": 5,
        "level": 1
    }
},
{
    "model": "products.productcategory",
    "pk": 18,
    "fields": {
        "name": "Watch Series 3",
        "slug": "watch-series-3",
        "parent": 15,
        "image": "",
        "is_active": true,
        "available": true,
        "created": "2020-07-27",
        "updated": "2020-07-27",
        "lft": 6,
        "rght": 7,
        "tree_id": 5,
        "level": 1
    }
},
{
    "model": "products.productcategory",
    "pk": 19,
    "fields": {
        "name": "Watch Nike",
        "slug": "watch-nike",
        "parent": 15,
        "image": "",
        "is_active": true,
        "available": true,
        "created": "2020-07-27",
        "updated": "2020-07-27",
        "lft": 8,
        "rght": 9,
        "tree_id": 5,
        "level": 1
    }
},
{
    "model": "products.productcategory",
    "pk": 20,
    "fields": {
        "name": "Airpods",
        "slug": "airpods",
        "parent": null,
        "image": "",
        "is_active": true,
        "available": true,
        "created": "2020-07-27",
        "updated": "2020-07-27",
        "lft": 1,
        "rght": 2,
        "tree_id": 6,
        "level": 0
    }
},
{
    "model": "products.productcategory",
    "pk": 21,
    "fields": {
        "name": "\u041a\u0432\u0430\u0434\u0440\u043e\u043a\u043e\u043f\u0442\u0435\u0440\u044b",
        "slug": "kvadrokoptery",
        "parent": null,
        "image": "",
        "is_active": true,
        "available": true,
        "created": "2020-07-27",
        "updated": "2020-07-27",
        "lft": 1,
        "rght": 2,
        "tree_id": 7,
        "level": 0
    }
},
{
    "model": "products.productcategory",
    "pk": 22,
    "fields": {
        "name": "\u042d\u043a\u0448\u043d-\u043a\u0430\u043c\u0435\u0440\u044b",
        "slug": "ekshn-kamery",
        "parent": null,
        "image": "",
        "is_active": true,
        "available": true,
        "created": "2020-07-27",
        "updated": "2020-07-27",
        "lft": 1,
        "rght": 2,
        "tree_id": 8,
        "level": 0
    }
},
{
    "model": "products.productcategory",
    "pk": 23,
    "fields": {
        "name": "\u0410\u043a\u0441\u0435\u0441\u0441\u0443\u0430\u0440\u044b",
        "slug": "aksessuary",
        "parent": null,
        "image": "",
        "is_active": true,
        "available": true,
        "created": "2020-07-27",
        "updated": "2020-07-27",
        "lft": 1,
        "rght": 18,
        "tree_id": 9,
        "level": 0
    }
},
{
    "model": "products.productcategory",
    "pk": 24,
    "fields": {
        "name": "\u041a\u0430\u0431\u0435\u043b\u0438",
        "slug": "kabeli",
        "parent": 23,
        "image": "",
        "is_active": true,
        "available": true,
        "created": "2020-07-27",
        "updated": "2020-07-27",
        "lft": 2,
        "rght": 3,
        "tree_id": 9,
        "level": 1
    }
},
{
    "model": "products.productcategory",
    "pk": 25,
    "fields": {
        "name": "\u0427\u0435\u0445\u043b\u044b \u0434\u043b\u044f iPhone",
        "slug": "chehly-dlya-iphone",
        "parent": 23,
        "image": "",
        "is_active": true,
        "available": true,
        "created": "2020-07-27",
        "updated": "2020-07-27",
        "lft": 4,
        "rght": 5,
        "tree_id": 9,
        "level": 1
    }
},
{
    "model": "products.productcategory",
    "pk": 26,
    "fields": {
        "name": "\u0412\u043d. \u0430\u043a\u043a\u0443\u043c\u0443\u043b\u044f\u0442\u043e\u0440\u044b",
        "slug": "vn-akkumulyatory",
        "parent": 23,
        "image": "",
        "is_active": true,
        "available": true,
        "created": "2020-07-27",
        "updated": "2020-07-27",
        "lft": 6,
        "rght": 7,
        "tree_id": 9,
        "level": 1
    }
},
{
    "model": "products.productcategory",
    "pk": 27,
    "fields": {
        "name": "\u0410\u0443\u0434\u0438\u043e",
        "slug": "audio",
        "parent": 23,
        "image": "",
        "is_active": true,
        "available": true,
        "created": "2020-07-27",
        "updated": "2020-07-27",
        "lft": 8,
        "rght": 9,
        "tree_id": 9,
        "level": 1
    }
},
{
    "model": "products.productcategory",
    "pk": 28,
    "fields": {
        "name": "\u0414\u0435\u0440\u0436\u0430\u0442\u0435\u043b\u0438",
        "slug": "derzhateli",
        "parent": 23,
        "image": "",
        "is_active": true,
        "available": true,
        "created": "2020-07-27",
        "updated": "2020-07-27",
        "lft": 10,
        "rght": 11,
        "tree_id": 9,
        "level": 1
    }
},
{
    "model": "products.productcategory",
    "pk": 29,
    "fields": {
        "name": "\u0417\u0430\u0449. \u0441\u0442\u0435\u043a\u043b\u0430",
        "slug": "zash-stekla",
        "parent": 23,
        "image": "",
        "is_active": true,
        "available": true,
        "created": "2020-07-27",
        "updated": "2020-07-27",
        "lft": 12,
        "rght": 13,
        "tree_id": 9,
        "level": 1
    }
},
{
    "model": "products.productcategory",
    "pk": 30,
    "fields": {
        "name": "\u0417\u0430\u0440\u044f\u0434. \u0443\u0441\u0442-\u0432\u0430",
        "slug": "zaryad-ust-va",
        "parent": 23,
        "image": "",
        "is_active": true,
        "available": true,
        "created": "2020-07-27",
        "updated": "2020-07-27",
        "lft": 14,
        "rght": 15,
        "tree_id": 9,
        "level": 1
    }
},
{
    "model": "products.productcategory",
    "pk": 31,
    "fields": {
        "name": "\u041f\u0440\u043e\u0447\u0435\u0435",
        "slug": "prochee",
        "parent": 23,
        "image": "",
        "is_active": true,
        "available": true,
        "created": "2020-07-27",
        "updated": "2020-07-27",
        "lft": 16,
        "rght": 17,
        "tree_id": 9,
        "level": 1
    }
},
{
    "model": "products.product",
    "pk": 1,
    "fields": {
        "status": null,
        "name": "Apple iPhone 11 pro gold",
        "slug": "apple-iphone-11-pro-gold",
        "description": "\u0420\u0435\u0432\u043e\u043b\u044e\u0446\u0438\u043e\u043d\u043d\u0430\u044f \u0441\u0438\u0441\u0442\u0435\u043c\u0430 \u0442\u0440\u0451\u0445 \u043a\u0430\u043c\u0435\u0440 \u2014 \u0433\u043e\u0440\u0430\u0437\u0434\u043e \u0431\u043e\u043b\u044c\u0448\u0435 \u0432\u043e\u0437\u043c\u043e\u0436\u043d\u043e\u0441\u0442\u0435\u0439 \u0438 \u043d\u0435\u0438\u0437\u043c\u0435\u043d\u043d\u0430\u044f \u043f\u0440\u043e\u0441\u0442\u043e\u0442\u0430 \u0432 \u0438\u0441\u043f\u043e\u043b\u044c\u0437\u043e\u0432\u0430\u043d\u0438\u0438. \u0411\u0435\u0441\u043f\u0440\u0435\u0446\u0435\u0434\u0435\u043d\u0442\u043d\u043e\u0435 \u0443\u0432\u0435\u043b\u0438\u0447\u0435\u043d\u0438\u0435 \u0440\u0435\u0441\u0443\u0440\u0441\u0430 \u0430\u043a\u043a\u0443\u043c\u0443\u043b\u044f\u0442\u043e\u0440\u0430. \u0418 \u043f\u043e\u0442\u0440\u044f\u0441\u0430\u044e\u0449\u0438\u0439 \u043f\u0440\u043e\u0446\u0435\u0441\u0441\u043e\u0440 \u0441 \u0440\u0430\u0441\u0448\u0438\u00ad\u0440\u0435\u043d\u043d\u043e\u0439 \u043f\u043e\u0434\u0434\u0435\u0440\u0436\u043a\u043e\u0439 \u0442\u0435\u0445\u043d\u043e\u043b\u043e\u0433\u0438\u0439 \u043c\u0430\u0448\u0438\u043d\u043d\u043e\u0433\u043e \u043e\u0431\u0443\u0447\u0435\u043d\u0438\u044f, \u043a\u043e\u0442\u043e\u0440\u044b\u0439 \u043e\u0442\u043a\u0440\u044b\u0432\u0430\u0435\u0442 \u0434\u043b\u044f iPhone \u0431\u043e\u043b\u044c\u0448\u0438\u0435 \u043d\u043e\u0432\u044b\u0435 \u043f\u0435\u0440\u0441\u043f\u0435\u043a\u0442\u0438\u0432\u044b. \u041f\u0440\u0435\u0434\u0441\u0442\u0430\u0432\u043b\u044f\u0435\u043c iPhone 11 Pro. \u041e\u043d \u0434\u043e\u0441\u0442\u043e\u0438\u043d \u0441\u0432\u043e\u0435\u0433\u043e \u0438\u043c\u0435\u043d\u0438.",
        "price": "84990",
        "code": "111222",
        "vendor_code": "111222",
        "discount": null,
        "image": "product_covers/2020/07/27/Apple_iPhone_11_pro_gold_yqzuyIO.jpg",
        "hot_deal": true,
        "hot_sales": true,
        "as_new": true,
        "recommended": true,
        "available": true,
        "is_active": true,
        "created": "2020-07-27",
        "updated": "2020-07-27",
        "category": [
            1,
            2
        ]
    }
},
{
    "model": "products.product",
    "pk": 2,
    "fields": {
        "status": null,
        "name": "Apple iPhone 11 pro silver",
        "slug": "apple-iphone-11-pro-silver",
        "description": "\u0420\u0435\u0432\u043e\u043b\u044e\u0446\u0438\u043e\u043d\u043d\u0430\u044f \u0441\u0438\u0441\u0442\u0435\u043c\u0430 \u0442\u0440\u0451\u0445 \u043a\u0430\u043c\u0435\u0440 \u2014 \u0433\u043e\u0440\u0430\u0437\u0434\u043e \u0431\u043e\u043b\u044c\u0448\u0435 \u0432\u043e\u0437\u043c\u043e\u0436\u043d\u043e\u0441\u0442\u0435\u0439 \u0438 \u043d\u0435\u0438\u0437\u043c\u0435\u043d\u043d\u0430\u044f \u043f\u0440\u043e\u0441\u0442\u043e\u0442\u0430 \u0432 \u0438\u0441\u043f\u043e\u043b\u044c\u0437\u043e\u0432\u0430\u043d\u0438\u0438. \u0411\u0435\u0441\u043f\u0440\u0435\u0446\u0435\u0434\u0435\u043d\u0442\u043d\u043e\u0435 \u0443\u0432\u0435\u043b\u0438\u0447\u0435\u043d\u0438\u0435 \u0440\u0435\u0441\u0443\u0440\u0441\u0430 \u0430\u043a\u043a\u0443\u043c\u0443\u043b\u044f\u0442\u043e\u0440\u0430. \u0418 \u043f\u043e\u0442\u0440\u044f\u0441\u0430\u044e\u0449\u0438\u0439 \u043f\u0440\u043e\u0446\u0435\u0441\u0441\u043e\u0440 \u0441 \u0440\u0430\u0441\u0448\u0438\u00ad\u0440\u0435\u043d\u043d\u043e\u0439 \u043f\u043e\u0434\u0434\u0435\u0440\u0436\u043a\u043e\u0439 \u0442\u0435\u0445\u043d\u043e\u043b\u043e\u0433\u0438\u0439 \u043c\u0430\u0448\u0438\u043d\u043d\u043e\u0433\u043e \u043e\u0431\u0443\u0447\u0435\u043d\u0438\u044f, \u043a\u043e\u0442\u043e\u0440\u044b\u0439 \u043e\u0442\u043a\u0440\u044b\u0432\u0430\u0435\u0442 \u0434\u043b\u044f iPhone \u0431\u043e\u043b\u044c\u0448\u0438\u0435 \u043d\u043e\u0432\u044b\u0435 \u043f\u0435\u0440\u0441\u043f\u0435\u043a\u0442\u0438\u0432\u044b. \u041f\u0440\u0435\u0434\u0441\u0442\u0430\u0432\u043b\u044f\u0435\u043c iPhone 11 Pro. \u041e\u043d \u0434\u043e\u0441\u0442\u043e\u0438\u043d \u0441\u0432\u043e\u0435\u0433\u043e \u0438\u043c\u0435\u043d\u0438.",
        "price": "84990",
        "code": "887599",
        "vendor_code": "887599",
        "discount": null,
        "image": "product_covers/2020/07/29/Apple_iPhone_11_pro_silver_NFnSpjj.jpg",
        "hot_deal": true,
        "hot_sales": true,
        "as_new": true,
        "recommended": true,
        "available": true,
        "is_active": true,
        "created": "2020-07-29",
        "updated": "2020-07-29",
        "category": [
            1,
            2
        ]
    }
},
{
    "model": "products.product",
    "pk": 3,
    "fields": {
        "status": null,
        "name": "Apple iPad Pro 12,9\" Wi-Fi + Cellular 256 \u0413\u0411, \u0441\u0435\u0440\u0435\u0431\u0440\u0438\u0441\u0442\u044b\u0439",
        "slug": "apple-ipad-pro-129-wi-fi-cellular-256-gb-serebristyj",
        "description": "\u041a\u0430\u043a\u0430\u044f \u0431\u044b \u0437\u0430\u0434\u0430\u0447\u0430 \u043f\u0435\u0440\u0435\u0434 \u0432\u0430\u043c\u0438 \u043d\u0438 \u0441\u0442\u043e\u044f\u043b\u0430, iPad Pro \u0433\u043e\u0442\u043e\u0432 \u0437\u0430 \u043d\u0435\u0451 \u0432\u0437\u044f\u0442\u044c\u0441\u044f. \u041e\u043d \u043c\u043e\u0449\u043d\u0435\u0435 \u043c\u043d\u043e\u0433\u0438\u0445 \u043d\u043e\u0443\u0442\u0431\u0443\u043a\u043e\u0432 \u0438 \u043f\u0440\u0438 \u044d\u0442\u043e\u043c \u0433\u043e\u0440\u0430\u0437\u0434\u043e \u0443\u0434\u043e\u0431\u043d\u0435\u0435. \u0414\u0438\u0441\u043f\u043b\u0435\u0439 Retina \u043f\u043e\u043b\u0443\u0447\u0438\u043b \u0432\u043f\u0435\u0447\u0430\u0442\u043b\u044f\u044e\u0449\u0438\u0435 \u0432\u043e\u0437\u043c\u043e\u0436\u043d\u043e\u0441\u0442\u0438 \u0438 \u0441\u0442\u0430\u043b \u043f\u043e\u0442\u0440\u044f\u0441\u0430\u044e\u0449\u0435 \u0431\u044b\u0441\u0442\u0440\u043e \u043e\u0442\u0437\u044b\u0432\u0430\u0442\u044c\u0441\u044f \u043d\u0430 \u043a\u0430\u0441\u0430\u043d\u0438\u044f. \u0410 \u0435\u0449\u0451 \u043d\u0430 \u0443\u0441\u0442\u0440\u043e\u0439\u0441\u0442\u0432\u0435 \u0443\u0441\u0442\u0430\u043d\u043e\u0432\u043b\u0435\u043d\u0430 iOS \u2014 \u0441\u0430\u043c\u0430\u044f \u043f\u0435\u0440\u0435\u0434\u043e\u0432\u0430\u044f \u043c\u043e\u0431\u0438\u043b\u044c\u043d\u0430\u044f \u043e\u043f\u0435\u0440\u0430\u0446\u0438\u043e\u043d\u043d\u0430\u044f \u0441\u0438\u0441\u0442\u0435\u043c\u0430 \u0432 \u043c\u0438\u0440\u0435. \u0423 iPad Pro \u0435\u0441\u0442\u044c \u0432\u0441\u0451, \u0447\u0442\u043e \u0432\u0430\u043c \u043d\u0443\u0436\u043d\u043e \u043e\u0442 \u0441\u043e\u0432\u0440\u0435\u043c\u0435\u043d\u043d\u043e\u0433\u043e \u043a\u043e\u043c\u043f\u044c\u044e\u0442\u0435\u0440\u0430. \u0418 \u0434\u0430\u0436\u0435 \u0431\u043e\u043b\u044c\u0448\u0435.",
        "price": "72990",
        "code": "441098",
        "vendor_code": "441098",
        "discount": null,
        "image": "product_covers/2020/07/29/Apple_iPad_Pro_silver_sP966J2.jpg",
        "hot_deal": true,
        "hot_sales": true,
        "as_new": true,
        "recommended": true,
        "available": true,
        "is_active": true,
        "created": "2020-07-29",
        "updated": "2020-07-29",
        "category": [
            8,
            9
        ]
    }
},
{
    "model": "products.product",
    "pk": 4,
    "fields": {
        "status": null,
        "name": "Apple iPad Pro 12,9\" Wi-Fi + Cellular 256 \u0413\u0411, \u0437\u043e\u043b\u043e\u0442\u043e\u0439",
        "slug": "apple-ipad-pro-129-wi-fi-cellular-256-gb-zolotoj",
        "description": "\u041a\u0430\u043a\u0430\u044f \u0431\u044b \u0437\u0430\u0434\u0430\u0447\u0430 \u043f\u0435\u0440\u0435\u0434 \u0432\u0430\u043c\u0438 \u043d\u0438 \u0441\u0442\u043e\u044f\u043b\u0430, iPad Pro \u0433\u043e\u0442\u043e\u0432 \u0437\u0430 \u043d\u0435\u0451 \u0432\u0437\u044f\u0442\u044c\u0441\u044f. \u041e\u043d \u043c\u043e\u0449\u043d\u0435\u0435 \u043c\u043d\u043e\u0433\u0438\u0445 \u043d\u043e\u0443\u0442\u0431\u0443\u043a\u043e\u0432 \u0438 \u043f\u0440\u0438 \u044d\u0442\u043e\u043c \u0433\u043e\u0440\u0430\u0437\u0434\u043e \u0443\u0434\u043e\u0431\u043d\u0435\u0435. \u0414\u0438\u0441\u043f\u043b\u0435\u0439 Retina \u043f\u043e\u043b\u0443\u0447\u0438\u043b \u0432\u043f\u0435\u0447\u0430\u0442\u043b\u044f\u044e\u0449\u0438\u0435 \u0432\u043e\u0437\u043c\u043e\u0436\u043d\u043e\u0441\u0442\u0438 \u0438 \u0441\u0442\u0430\u043b \u043f\u043e\u0442\u0440\u044f\u0441\u0430\u044e\u0449\u0435 \u0431\u044b\u0441\u0442\u0440\u043e \u043e\u0442\u0437\u044b\u0432\u0430\u0442\u044c\u0441\u044f \u043d\u0430 \u043a\u0430\u0441\u0430\u043d\u0438\u044f. \u0410 \u0435\u0449\u0451 \u043d\u0430 \u0443\u0441\u0442\u0440\u043e\u0439\u0441\u0442\u0432\u0435 \u0443\u0441\u0442\u0430\u043d\u043e\u0432\u043b\u0435\u043d\u0430 iOS \u2014 \u0441\u0430\u043c\u0430\u044f \u043f\u0435\u0440\u0435\u0434\u043e\u0432\u0430\u044f \u043c\u043e\u0431\u0438\u043b\u044c\u043d\u0430\u044f \u043e\u043f\u0435\u0440\u0430\u0446\u0438\u043e\u043d\u043d\u0430\u044f \u0441\u0438\u0441\u0442\u0435\u043c\u0430 \u0432 \u043c\u0438\u0440\u0435. \u0423 iPad Pro \u0435\u0441\u0442\u044c \u0432\u0441\u0451, \u0447\u0442\u043e \u0432\u0430\u043c \u043d\u0443\u0436\u043d\u043e \u043e\u0442 \u0441\u043e\u0432\u0440\u0435\u043c\u0435\u043d\u043d\u043e\u0433\u043e \u043a\u043e\u043c\u043f\u044c\u044e\u0442\u0435\u0440\u0430. \u0418 \u0434\u0430\u0436\u0435 \u0431\u043e\u043b\u044c\u0448\u0435.",
        "price": "72990",
        "code": "441098",
        "vendor_code": "441098",
        "discount": null,
        "image": "product_covers/2020/07/29/Apple_iPad_Pro_gold_DVcQG9J.jpg",
        "hot_deal": true,
        "hot_sales": true,
        "as_new": true,
        "recommended": true,
        "available": true,
        "is_active": true,
        "created": "2020-07-29",
        "updated": "2020-07-29",
        "category": [
            8,
            9
        ]
    }
},
{
    "model": "products.product",
    "pk": 5,
    "fields": {
        "status": null,
        "name": "Apple iMac Pro 27\" Retina 5K Intel Xeon W 3.2 \u0413\u0413\u0446, 32 \u0413\u0411, 1 \u0422\u0411 SSD, Radeon Pro Vega 56 8 \u0413\u0411",
        "slug": "apple-imac-pro-27-retina-5k-intel-xeon-w-32-ggc-32-gb-1-tb-ssd-radeon-pro-vega-56-8-gb",
        "description": "\u041c\u043e\u0449\u043d\u044b\u0435 \u043f\u0440\u043e\u0446\u0435\u0441\u0441\u043e\u0440\u044b, \u0433\u0440\u0430\u0444\u0438\u0447\u0435\u0441\u043a\u0438\u0435 \u043f\u0440\u043e\u0446\u0435\u0441\u0441\u043e\u0440\u044b \u0443\u0440\u043e\u0432\u043d\u044f \u0440\u0430\u0431\u043e\u0447\u0438\u0445 \u0441\u0442\u0430\u043d\u0446\u0438\u0439, \u0441\u043a\u043e\u0440\u043e\u0441\u0442\u043d\u044b\u0435\r\n\u043d\u0430\u043a\u043e\u043f\u0438\u0442\u0435\u043b\u0438, \u043c\u043e\u0434\u0443\u043b\u0438 \u043f\u0430\u043c\u044f\u0442\u0438 \u0438 \u0440\u044f\u0434 \u043f\u043e\u0440\u0442\u043e\u0432 \u0432\u0432\u043e\u0434\u0430/\u0432\u044b\u0432\u043e\u0434\u0430 \u2014 \u0443 \u044d\u0442\u0438\u0445 iMac \u0441\u0430\u043c\u0430\u044f\r\n\u0432\u043f\u0435\u0447\u0430\u0442\u043b\u044f\u044e\u0449\u0430\u044f \u043a\u043e\u043d\u0444\u0438\u0433\u0443\u0440\u0430\u0446\u0438\u044f. \u0421\u0440\u0435\u0434\u0438 \u0432\u0441\u0435\u0445 Mac. \u041f\u0440\u0438 \u044d\u0442\u043e\u043c \u0448\u0438\u0440\u0438\u043d\u0430 \u043a\u043e\u0440\u043f\u0443\u0441\u0430 \u0441 \u043a\u0443\u043b\u044c\u0442\u043e\u0432\u044b\u043c\r\n\u0434\u0438\u0437\u0430\u0439\u043d\u043e\u043c \u00ab\u0432\u0441\u0451 \u0432 \u043e\u0434\u043d\u043e\u043c\u00bb \u043d\u0435 \u0443\u0432\u0435\u043b\u0438\u0447\u0438\u043b\u0430\u0441\u044c \u0434\u0430\u0436\u0435 \u043d\u0430 \u043c\u0438\u043b\u043b\u0438\u043c\u0435\u0442\u0440. \u0422\u0435\u043f\u0435\u0440\u044c \u0432\u0441\u0435 \u2014\r\n\u0441\u043f\u0435\u0446\u0438\u0430\u043b\u0438\u0441\u0442\u044b \u0432\u0438\u0434\u0435\u043e\u043c\u043e\u043d\u0442\u0430\u0436\u0430 \u0438 3D-\u0430\u043d\u0438\u043c\u0430\u0446\u0438\u0438, \u043f\u0440\u043e\u0444\u0435\u0441\u0441\u0438\u043e\u043d\u0430\u043b\u044c\u043d\u044b\u0435 \u043c\u0443\u0437\u044b\u043a\u0430\u043d\u0442\u044b,\r\n\u0440\u0430\u0437\u0440\u0430\u0431\u043e\u0442\u0447\u0438\u043a\u0438 \u041f\u041e \u0438 \u0443\u0447\u0451\u043d\u044b\u0435 \u2014 \u0441\u043c\u043e\u0433\u0443\u0442 \u043f\u0435\u0440\u0435\u0439\u0442\u0438 \u043d\u0430 \u043a\u0430\u0447\u0435\u0441\u0442\u0432\u0435\u043d\u043d\u043e \u043d\u043e\u0432\u044b\u0439 \u0443\u0440\u043e\u0432\u0435\u043d\u044c \u0440\u0430\u0431\u043e\u0442\u044b.",
        "price": "384990",
        "code": "087651",
        "vendor_code": "087651",
        "discount": null,
        "image": "product_covers/2020/07/29/Apple_iMac_OtW9bS6.jpg",
        "hot_deal": true,
        "hot_sales": true,
        "as_new": true,
        "recommended": true,
        "available": true,
        "is_active": true,
        "created": "2020-07-29",
        "updated": "2020-07-29",
        "category": [
            12,
            14
        ]
    }
},
{
    "model": "products.product",
    "pk": 6,
    "fields": {
        "status": null,
        "name": "Apple iMac 27\" 6 Core i5 3 \u0413\u0413\u0446, 8 \u0413\u0411, 1 \u0422\u0411 FD, RPro 570X",
        "slug": "apple-imac-27-6-core-i5-3-ggc-8-gb-1-tb-fd-rpro-570x",
        "description": "iMac \u043e\u0431\u044a\u0435\u0434\u0438\u043d\u044f\u0435\u0442 \u0432 \u0441\u0432\u043e\u0451\u043c \u0442\u043e\u043d\u043a\u043e\u043c \u043a\u043e\u0440\u043f\u0443\u0441\u0435 \u0441\u0430\u043c\u044b\u0435 \u043f\u0440\u043e\u0434\u0432\u0438\u043d\u0443\u0442\u044b\u0435 \u0438 \u043e\u0434\u043d\u043e\u0432\u0440\u0435\u043c\u0435\u043d\u043d\u043e \u043f\u0440\u043e\u0441\u0442\u044b\u0435 \u0432 \u0438\u0441\u043f\u043e\u043b\u044c\u0437\u043e\u0432\u0430\u043d\u0438\u0438 \u0442\u0435\u0445\u043d\u043e\u043b\u043e\u0433\u0438\u0438. \u041d\u043e\u0432\u044b\u0439 iMac \u0438\u0434\u0451\u0442 \u043d\u0430 \u043e\u0447\u0435\u0440\u0435\u0434\u043d\u043e\u0439 \u0440\u0435\u043a\u043e\u0440\u0434 \u0438 \u0440\u0430\u0441\u0448\u0438\u0440\u044f\u0435\u0442 \u0433\u0440\u0430\u043d\u0438\u0446\u044b \u0432\u043e\u0437\u043c\u043e\u0436\u043d\u043e\u0433\u043e. \u0411\u043e\u043b\u0435\u0435 \u0431\u044b\u0441\u0442\u0440\u044b\u0435 \u043f\u0440\u043e\u0446\u0435\u0441\u0441\u043e\u0440\u044b \u0438 \u043f\u0430\u043c\u044f\u0442\u044c, \u043f\u043e\u0442\u0440\u044f\u0441\u0430\u044e\u0449\u0430\u044f \u0433\u0440\u0430\u0444\u0438\u043a\u0430 \u0438 \u0434\u0438\u0441\u043f\u043b\u0435\u0439 Retina \u0441 \u0441\u0430\u043c\u044b\u043c \u044f\u0440\u043a\u0438\u043c \u0438 \u0440\u0435\u0430\u043b\u0438\u0441\u0442\u0438\u0447\u043d\u044b\u043c \u0438\u0437\u043e\u0431\u0440\u0430\u0436\u0435\u043d\u0438\u0435\u043c \u0432 \u0438\u0441\u0442\u043e\u0440\u0438\u0438 Mac. iMac \u0441\u0442\u0430\u043b \u043c\u043e\u0449\u043d\u0435\u0435 \u2014 \u0432\u043e \u0432\u0441\u0435\u0445 \u043e\u0442\u043d\u043e\u0448\u0435\u043d\u0438\u044f\u0445.",
        "price": "148990",
        "code": "557821",
        "vendor_code": "557821",
        "discount": null,
        "image": "product_covers/2020/07/29/Apple_iMac_SV6DknF.jpg",
        "hot_deal": true,
        "hot_sales": true,
        "as_new": true,
        "recommended": true,
        "available": true,
        "is_active": true,
        "created": "2020-07-29",
        "updated": "2020-07-29",
        "category": [
            12,
            14
        ]
    }
},
{
    "model": "products.product",
    "pk": 7,
    "fields": {
        "status": null,
        "name": "Apple Watch Series 5, 40 \u043c\u043c, \u043a\u043e\u0440\u043f\u0443\u0441 \u0438\u0437 \u0430\u043b\u044e\u043c\u0438\u043d\u0438\u044f \u0441\u0435\u0440\u0435\u0431\u0440\u0438\u0441\u0442\u043e\u0433\u043e \u0446\u0432\u0435\u0442\u0430, \u0441\u043f\u043e\u0440\u0442\u0438\u0432\u043d\u044b\u0439 \u0431\u0440\u0430\u0441\u043b\u0435\u0442 \u0431\u0435\u043b\u043e\u0433\u043e \u0446\u0432\u0435\u0442\u0430",
        "slug": "apple-watch-series-5-40-mm-korpus-iz-alyuminiya-serebristogo-cveta-sportivnyj-braslet-belogo-cveta",
        "description": "\u0418\u0445 \u0434\u0438\u0441\u043f\u043b\u0435\u0439 \u043d\u0438\u043a\u043e\u0433\u0434\u0430 \u043d\u0435 \u0441\u043f\u0438\u0442! \u041e\u043d \u0432\u0441\u0435\u0433\u0434\u0430 \u0432\u043a\u043b\u044e\u0447\u0435\u043d - \u043f\u043e\u043a\u0430\u0437\u044b\u0432\u0430\u0435\u0442 \u0432\u0440\u0435\u043c\u044f \u0438 \u0432\u0430\u0436\u043d\u0443\u044e \u0438\u043d\u0444\u043e\u0440\u043c\u0430\u0446\u0438\u044e \u0438\u0437 \u0440\u0430\u0437\u043b\u0438\u0447\u043d\u044b\u0445 \u043f\u0440\u0438\u043b\u043e\u0436\u0435\u043d\u0438\u0439. \u0410 \u0435\u0449\u0435 \u043c\u043e\u0436\u043d\u043e \u043d\u0430\u0441\u0442\u0440\u043e\u0438\u0442\u044c \u0443\u0432\u0435\u0434\u043e\u043c\u043b\u0435\u043d\u0438\u044f \u043e \u0441\u043b\u0438\u0448\u043a\u043e\u043c \u043d\u0438\u0437\u043a\u043e\u043c \u0438\u043b\u0438 \u0432\u044b\u0441\u043e\u043a\u043e\u043c \u043f\u0443\u043b\u044c\u0441\u0435. \u041e\u0442\u0441\u043b\u0435\u0436\u0438\u0432\u0430\u0439\u0442\u0435 \u043f\u0440\u043e\u0434\u0432\u0438\u043d\u0443\u0442\u044b\u0435 \u0444\u0438\u0442\u043d\u0435\u0441-\u043f\u043e\u043a\u0430\u0437\u0430\u0442\u0435\u043b\u0438, \u043a\u043e\u0442\u043e\u0440\u044b\u0435 \u043f\u043e\u0434\u0445\u043e\u0434\u044f\u0442 \u0434\u043b\u044f \u0441\u043f\u043e\u0440\u0442\u0441\u043c\u0435\u043d\u043e\u0432 \u0432\u0441\u0435\u0445 \u0443\u0440\u043e\u0432\u043d\u0435\u0439.",
        "price": "27990",
        "code": "448911",
        "vendor_code": "448911",
        "discount": null,
        "image": "product_covers/2020/07/29/Apple_watch_5_silver_UjerGkx.jpg",
        "hot_deal": true,
        "hot_sales": true,
        "as_new": true,
        "recommended": true,
        "available": true,
        "is_active": true,
        "created": "2020-07-29",
        "updated": "2020-07-29",
        "category": [
            15,
            17
        ]
    }
},
{
    "model": "products.product",
    "pk": 8,
    "fields": {
        "status": null,
        "name": "Apple Watch Series 5, 44 \u043c\u043c, \u043a\u043e\u0440\u043f\u0443\u0441 \u0438\u0437 \u0430\u043b\u044e\u043c\u0438\u043d\u0438\u044f \u0441\u0435\u0440\u0435\u0431\u0440\u0438\u0441\u0442\u043e\u0433\u043e \u0446\u0432\u0435\u0442\u0430, \u0441\u043f\u043e\u0440\u0442\u0438\u0432\u043d\u044b\u0439 \u0431\u0440\u0430\u0441\u043b\u0435\u0442 \u0431\u0435\u043b\u043e\u0433\u043e \u0446\u0432\u0435\u0442\u0430",
        "slug": "apple-watch-series-5-44-mm-korpus-iz-alyuminiya-serebristogo-cveta-sportivnyj-braslet-belogo-cveta",
        "description": "\u0418\u0445 \u0434\u0438\u0441\u043f\u043b\u0435\u0439 \u043d\u0438\u043a\u043e\u0433\u0434\u0430 \u043d\u0435 \u0441\u043f\u0438\u0442! \u041e\u043d \u0432\u0441\u0435\u0433\u0434\u0430 \u0432\u043a\u043b\u044e\u0447\u0435\u043d - \u043f\u043e\u043a\u0430\u0437\u044b\u0432\u0430\u0435\u0442 \u0432\u0440\u0435\u043c\u044f \u0438 \u0432\u0430\u0436\u043d\u0443\u044e \u0438\u043d\u0444\u043e\u0440\u043c\u0430\u0446\u0438\u044e \u0438\u0437 \u0440\u0430\u0437\u043b\u0438\u0447\u043d\u044b\u0445 \u043f\u0440\u0438\u043b\u043e\u0436\u0435\u043d\u0438\u0439. \u0410 \u0435\u0449\u0435 \u043c\u043e\u0436\u043d\u043e \u043d\u0430\u0441\u0442\u0440\u043e\u0438\u0442\u044c \u0443\u0432\u0435\u0434\u043e\u043c\u043b\u0435\u043d\u0438\u044f \u043e \u0441\u043b\u0438\u0448\u043a\u043e\u043c \u043d\u0438\u0437\u043a\u043e\u043c \u0438\u043b\u0438 \u0432\u044b\u0441\u043e\u043a\u043e\u043c \u043f\u0443\u043b\u044c\u0441\u0435. \u041e\u0442\u0441\u043b\u0435\u0436\u0438\u0432\u0430\u0439\u0442\u0435 \u043f\u0440\u043e\u0434\u0432\u0438\u043d\u0443\u0442\u044b\u0435 \u0444\u0438\u0442\u043d\u0435\u0441-\u043f\u043e\u043a\u0430\u0437\u0430\u0442\u0435\u043b\u0438, \u043a\u043e\u0442\u043e\u0440\u044b\u0435 \u043f\u043e\u0434\u0445\u043e\u0434\u044f\u0442 \u0434\u043b\u044f \u0441\u043f\u043e\u0440\u0442\u0441\u043c\u0435\u043d\u043e\u0432 \u0432\u0441\u0435\u0445 \u0443\u0440\u043e\u0432\u043d\u0435\u0439.",
        "price": "29990",
        "code": "321388",
        "vendor_code": "321388",
        "discount": null,
        "image": "product_covers/2020/07/29/Apple_watch_5_silver.jpg",
        "hot_deal": true,
        "hot_sales": true,
        "as_new": true,
        "recommended": true,
        "available": true,
        "is_active": true,
        "created": "2020-07-29",
        "updated": "2020-07-29",
        "category": [
            15,
            17
        ]
    }
},
{
    "model": "products.product",
    "pk": 9,
    "fields": {
        "status": null,
        "name": "\u0411\u0435\u0441\u043f\u0440\u043e\u0432\u043e\u0434\u043d\u0430\u044f \u0433\u0430\u0440\u043d\u0438\u0442\u0443\u0440\u0430 Apple AirPods Custom Colors (\u041a\u043e\u0440\u0438\u0447\u043d\u0435\u0432\u044b\u0439 \u0433\u043b\u044f\u043d\u0446\u0435\u0432\u044b\u0439)",
        "slug": "besprovodnaya-garnitura-apple-airpods-custom-colors-korichnevyj-glyancevyj",
        "description": "\u0423\u0432\u0435\u043b\u0438\u0447\u0435\u043d\u043d\u043e\u0435 \u0432\u0440\u0435\u043c\u044f \u0440\u0430\u0431\u043e\u0442\u044b \u0432 \u0440\u0435\u0436\u0438\u043c\u0435 \u0442\u0435\u043b\u0435\u0444\u043e\u043d\u043d\u043e\u0433\u043e \u0440\u0430\u0437\u0433\u043e\u0432\u043e\u0440\u0430. \u0410\u043a\u0442\u0438\u0432\u0430\u0446\u0438\u044f Siri \u0441 \u043f\u043e\u043c\u043e\u0449\u044c\u044e \u0433\u043e\u043b\u043e\u0441\u0430. \u041d\u043e\u0432\u044b\u0439 \u0444\u0443\u0442\u043b\u044f\u0440 \u0441 \u0432\u043e\u0437\u043c\u043e\u0436\u043d\u043e\u0441\u0442\u044c\u044e \u0431\u0435\u0441\u043f\u0440\u043e\u0432\u043e\u0434\u043d\u043e\u0439 \u0437\u0430\u0440\u044f\u0434\u043a\u0438. \u0412\u0441\u0451 \u044d\u0442\u043e AirPods \u2014 \u0443\u043d\u0438\u043a\u0430\u043b\u044c\u043d\u044b\u0435 \u0431\u0435\u0441\u043f\u0440\u043e\u0432\u043e\u0434\u043d\u044b\u0435 \u043d\u0430\u0443\u0448\u043d\u0438\u043a\u0438. \u041e\u043d\u0438 \u043f\u043e\u0434\u043e\u0439\u0434\u0443\u0442 \u043a\u043e \u0432\u0441\u0435\u043c \u0432\u0430\u0448\u0438\u043c \u0443\u0441\u0442\u0440\u043e\u0439\u0441\u0442\u0432\u0430\u043c. \u0414\u043e\u0441\u0442\u0430\u043d\u044c\u0442\u0435 \u0438\u0445 \u0438\u0437 \u0444\u0443\u0442\u043b\u044f\u0440\u0430, \u0438 \u0441\u0440\u0430\u0437\u0443 \u043c\u043e\u0436\u0435\u0442\u0435 \u043f\u043e\u043b\u044c\u0437\u043e\u0432\u0430\u0442\u044c\u0441\u044f. \u041f\u0440\u043e\u0441\u0442\u043e \u043d\u0430\u0434\u0435\u043d\u044c\u0442\u0435 \u0438\u0445, \u0438 \u043e\u043d\u0438 \u043c\u0433\u043d\u043e\u0432\u0435\u043d\u043d\u043e \u0443\u0441\u0442\u0430\u043d\u043e\u0432\u044f\u0442 \u0441\u043e\u0435\u0434\u0438\u043d\u0435\u043d\u0438\u0435, \u0430 \u0437\u043d\u0430\u0447\u0438\u0442, \u0432\u044b \u0441\u043c\u043e\u0436\u0435\u0442\u0435 \u0441\u0440\u0430\u0437\u0443 \u043f\u043e\u0433\u0440\u0443\u0437\u0438\u0442\u044c\u0441\u044f \u0432 \u043d\u0430\u0441\u044b\u0449\u0435\u043d\u043d\u044b\u0439 \u043a\u0430\u0447\u0435\u0441\u0442\u0432\u0435\u043d\u043d\u044b\u0439 \u0437\u0432\u0443\u043a. \u0421\u043b\u043e\u0432\u043d\u043e \u043f\u043e \u0432\u043e\u043b\u0448\u0435\u0431\u0441\u0442\u0432\u0443.",
        "price": "16990",
        "code": "813838",
        "vendor_code": "813838",
        "discount": null,
        "image": "product_covers/2020/07/29/Apple_AirPods_red.png",
        "hot_deal": true,
        "hot_sales": true,
        "as_new": true,
        "recommended": true,
        "available": true,
        "is_active": true,
        "created": "2020-07-29",
        "updated": "2020-07-29",
        "category": [
            20
        ]
    }
},
{
    "model": "products.product",
    "pk": 10,
    "fields": {
        "status": null,
        "name": "\u0411\u0435\u0441\u043f\u0440\u043e\u0432\u043e\u0434\u043d\u0430\u044f \u0433\u0430\u0440\u043d\u0438\u0442\u0443\u0440\u0430 Apple AirPods Custom Colors (\u0420\u043e\u0437\u043e\u0432\u044b\u0439 \u0433\u043b\u044f\u043d\u0446\u0435\u0432\u044b\u0439)",
        "slug": "besprovodnaya-garnitura-apple-airpods-custom-colors-rozovyj-glyancevyj",
        "description": "\u0423\u0432\u0435\u043b\u0438\u0447\u0435\u043d\u043d\u043e\u0435 \u0432\u0440\u0435\u043c\u044f \u0440\u0430\u0431\u043e\u0442\u044b \u0432 \u0440\u0435\u0436\u0438\u043c\u0435 \u0442\u0435\u043b\u0435\u0444\u043e\u043d\u043d\u043e\u0433\u043e \u0440\u0430\u0437\u0433\u043e\u0432\u043e\u0440\u0430. \u0410\u043a\u0442\u0438\u0432\u0430\u0446\u0438\u044f Siri \u0441 \u043f\u043e\u043c\u043e\u0449\u044c\u044e \u0433\u043e\u043b\u043e\u0441\u0430. \u041d\u043e\u0432\u044b\u0439 \u0444\u0443\u0442\u043b\u044f\u0440 \u0441 \u0432\u043e\u0437\u043c\u043e\u0436\u043d\u043e\u0441\u0442\u044c\u044e \u0431\u0435\u0441\u043f\u0440\u043e\u0432\u043e\u0434\u043d\u043e\u0439 \u0437\u0430\u0440\u044f\u0434\u043a\u0438. \u0412\u0441\u0451 \u044d\u0442\u043e AirPods \u2014 \u0443\u043d\u0438\u043a\u0430\u043b\u044c\u043d\u044b\u0435 \u0431\u0435\u0441\u043f\u0440\u043e\u0432\u043e\u0434\u043d\u044b\u0435 \u043d\u0430\u0443\u0448\u043d\u0438\u043a\u0438. \u041e\u043d\u0438 \u043f\u043e\u0434\u043e\u0439\u0434\u0443\u0442 \u043a\u043e \u0432\u0441\u0435\u043c \u0432\u0430\u0448\u0438\u043c \u0443\u0441\u0442\u0440\u043e\u0439\u0441\u0442\u0432\u0430\u043c. \u0414\u043e\u0441\u0442\u0430\u043d\u044c\u0442\u0435 \u0438\u0445 \u0438\u0437 \u0444\u0443\u0442\u043b\u044f\u0440\u0430, \u0438 \u0441\u0440\u0430\u0437\u0443 \u043c\u043e\u0436\u0435\u0442\u0435 \u043f\u043e\u043b\u044c\u0437\u043e\u0432\u0430\u0442\u044c\u0441\u044f. \u041f\u0440\u043e\u0441\u0442\u043e \u043d\u0430\u0434\u0435\u043d\u044c\u0442\u0435 \u0438\u0445, \u0438 \u043e\u043d\u0438 \u043c\u0433\u043d\u043e\u0432\u0435\u043d\u043d\u043e \u0443\u0441\u0442\u0430\u043d\u043e\u0432\u044f\u0442 \u0441\u043e\u0435\u0434\u0438\u043d\u0435\u043d\u0438\u0435, \u0430 \u0437\u043d\u0430\u0447\u0438\u0442, \u0432\u044b \u0441\u043c\u043e\u0436\u0435\u0442\u0435 \u0441\u0440\u0430\u0437\u0443 \u043f\u043e\u0433\u0440\u0443\u0437\u0438\u0442\u044c\u0441\u044f \u0432 \u043d\u0430\u0441\u044b\u0449\u0435\u043d\u043d\u044b\u0439 \u043a\u0430\u0447\u0435\u0441\u0442\u0432\u0435\u043d\u043d\u044b\u0439 \u0437\u0432\u0443\u043a. \u0421\u043b\u043e\u0432\u043d\u043e \u043f\u043e \u0432\u043e\u043b\u0448\u0435\u0431\u0441\u0442\u0432\u0443.",
        "price": "16990",
        "code": "976163",
        "vendor_code": "976163",
        "discount": null,
        "image": "product_covers/2020/07/29/Apple_AirPods_rose.png",
        "hot_deal": true,
        "hot_sales": true,
        "as_new": true,
        "recommended": true,
        "available": true,
        "is_active": true,
        "created": "2020-07-29",
        "updated": "2020-07-29",
        "category": [
            20
        ]
    }
},
{
    "model": "products.product",
    "pk": 11,
    "fields": {
        "status": null,
        "name": "\u041a\u0430\u043c\u0435\u0440\u0430 GoPro HERO7 Black Edition",
        "slug": "kamera-gopro-hero7-black-edition",
        "description": "\u0421\u043e\u0437\u0434\u0430\u0432\u0430\u0439\u0442\u0435 \u043f\u043e\u0442\u0440\u044f\u0441\u0430\u044e\u0449\u0438\u0435 \u0432\u0438\u0434\u0435\u043e 4K, \u043f\u0440\u0435\u043a\u0440\u0430\u0441\u043d\u044b\u0435 \u043a\u0430\u043a \u0441\u0430\u043c\u0438 \u043c\u043e\u043c\u0435\u043d\u0442\u044b. \u0412\u044b \u0442\u0430\u043a\u0436\u0435 \u043c\u043e\u0436\u0435\u0442\u0435 \u0441\u043d\u0438\u043c\u0430\u0442\u044c \u043f\u0440\u043e\u0434\u043e\u043b\u0436\u0438\u0442\u0435\u043b\u044c\u043d\u044b\u0435 \u0441\u044e\u0436\u0435\u0442\u044b \u0432 \u0440\u0435\u0436\u0438\u043c\u0435 \u0442\u0430\u0439\u043c\u043b\u0430\u043f\u0441-\u0432\u0438\u0434\u0435\u043e, \u0447\u0442\u043e\u0431\u044b \u043f\u0440\u0435\u0432\u0440\u0430\u0442\u0438\u0442\u044c \u0438\u0445 \u0432 \u043a\u043e\u0440\u043e\u0442\u043a\u0438\u0435 \u0438\u0441\u0442\u043e\u0440\u0438\u0438, \u043a\u043e\u0442\u043e\u0440\u044b\u043c\u0438 \u0445\u043e\u0447\u0435\u0442\u0441\u044f \u043f\u043e\u0434\u0435\u043b\u0438\u0442\u044c\u0441\u044f.",
        "price": "28990",
        "code": "824842",
        "vendor_code": "824842",
        "discount": null,
        "image": "product_covers/2020/07/29/Camera_GoPro_HERO7_Black_Edition.jpg",
        "hot_deal": true,
        "hot_sales": true,
        "as_new": true,
        "recommended": true,
        "available": true,
        "is_active": true,
        "created": "2020-07-29",
        "updated": "2020-07-29",
        "category": [
            22
        ]
    }
},
{
    "model": "products.product",
    "pk": 12,
    "fields": {
        "status": null,
        "name": "\u041a\u0430\u043c\u0435\u0440\u0430 GoPro HERO7 White Edition",
        "slug": "kamera-gopro-hero7-white-edition",
        "description": "\u0421\u043e\u0437\u0434\u0430\u0432\u0430\u0439\u0442\u0435 \u043f\u043e\u0442\u0440\u044f\u0441\u0430\u044e\u0449\u0438\u0435 \u0432\u0438\u0434\u0435\u043e 4K, \u043f\u0440\u0435\u043a\u0440\u0430\u0441\u043d\u044b\u0435 \u043a\u0430\u043a \u0441\u0430\u043c\u0438 \u043c\u043e\u043c\u0435\u043d\u0442\u044b. \u0412\u044b \u0442\u0430\u043a\u0436\u0435 \u043c\u043e\u0436\u0435\u0442\u0435 \u0441\u043d\u0438\u043c\u0430\u0442\u044c \u043f\u0440\u043e\u0434\u043e\u043b\u0436\u0438\u0442\u0435\u043b\u044c\u043d\u044b\u0435 \u0441\u044e\u0436\u0435\u0442\u044b \u0432 \u0440\u0435\u0436\u0438\u043c\u0435 \u0442\u0430\u0439\u043c\u043b\u0430\u043f\u0441-\u0432\u0438\u0434\u0435\u043e, \u0447\u0442\u043e\u0431\u044b \u043f\u0440\u0435\u0432\u0440\u0430\u0442\u0438\u0442\u044c \u0438\u0445 \u0432 \u043a\u043e\u0440\u043e\u0442\u043a\u0438\u0435 \u0438\u0441\u0442\u043e\u0440\u0438\u0438, \u043a\u043e\u0442\u043e\u0440\u044b\u043c\u0438 \u0445\u043e\u0447\u0435\u0442\u0441\u044f \u043f\u043e\u0434\u0435\u043b\u0438\u0442\u044c\u0441\u044f.",
        "price": "14990",
        "code": "090817",
        "vendor_code": "090817",
        "discount": null,
        "image": "product_covers/2020/07/29/Camera_GoPro_HERO7_White_Edition.jpg",
        "hot_deal": true,
        "hot_sales": true,
        "as_new": true,
        "recommended": true,
        "available": true,
        "is_active": true,
        "created": "2020-07-29",
        "updated": "2020-07-29",
        "category": [
            22
        ]
    }
},
{
    "model": "products.product",
    "pk": 13,
    "fields": {
        "status": null,
        "name": "CHEF Series",
        "slug": "chef-series",
        "description": "\u0418\u0434\u0435\u0430\u043b\u044c\u043d\u043e\u0435 \u0441\u043e\u0447\u0435\u0442\u0430\u043d\u0438\u0435 \u0441 \u043f\u0440\u043e\u0437\u0440\u0430\u0447\u043d\u044b\u043c \u0422\u041f\u0423 \u0438 \u0441\u0442\u0435\u043a\u043b\u043e\u043c, \u0447\u0442\u043e\u0431\u044b \u043f\u043e\u043a\u0430\u0437\u0430\u0442\u044c \u043a\u0440\u0430\u0441\u043e\u0442\u0443 iPhone. 9H \u0442\u0432\u0435\u0440\u0434\u043e\u0435 \u0441\u0442\u0435\u043a\u043b\u043e, \u0438\u0437\u043d\u043e\u0441\u043e\u0441\u0442\u043e\u0439\u043a\u043e\u0435 \u0438 \u043f\u0440\u043e\u0442\u0438\u0432 \u0446\u0430\u0440\u0430\u043f\u0438\u043d. \u0414\u043e\u043b\u0433\u043e\u0432\u0435\u0447\u043d\u043e\u0441\u0442\u044c - \u0442\u0435\u0445\u043d\u043e\u043b\u043e\u0433\u0438\u044f \u0437\u0430\u0449\u0438\u0442\u044b \u043e\u0442 \u043f\u043e\u0436\u0435\u043b\u0442\u0435\u043d\u0438\u044f. \u0420\u0430\u0437\u043c\u0435\u0440: 110 * 189 * 16, \u0432\u0435\u0441: 100 \u0433. iPhone 8/iPhone 7.",
        "price": "1690",
        "code": "661616",
        "vendor_code": "661616",
        "discount": null,
        "image": "product_covers/2020/07/29/CHEF_Series_JR-BP447_55_Black.jpg",
        "hot_deal": true,
        "hot_sales": true,
        "as_new": true,
        "recommended": true,
        "available": true,
        "is_active": true,
        "created": "2020-07-29",
        "updated": "2020-07-29",
        "category": [
            25
        ]
    }
},
{
    "model": "products.productdetail",
    "pk": 1,
    "fields": {
        "product": 1,
        "image": "products/2020/07/27/Apple_iPhone_11_white_2Fb9rGu.jpg",
        "is_main": false,
        "is_not_main": true,
        "created": "2020-07-27",
        "updated": "2020-07-27"
    }
},
{
    "model": "products.productdetail",
    "pk": 2,
    "fields": {
        "product": 13,
        "image": "products/2020/07/29/CHEF_Series_JR-BP447_55_Black.jpg",
        "is_main": false,
        "is_not_main": true,
        "created": "2020-07-29",
        "updated": "2020-07-29"
    }
},
{
    "model": "products.productdetail",
    "pk": 3,
    "fields": {
        "product": 13,
        "image": "products/2020/07/29/CHEF_Series_JR-BP447_55_Red.jpg",
        "is_main": false,
        "is_not_main": true,
        "created": "2020-07-29",
        "updated": "2020-07-29"
    }
},
{
    "model": "products.productdetail",
    "pk": 4,
    "fields": {
        "product": 13,
        "image": "products/2020/07/29/CHEF_Series_JR-BP447_55_White.jpg",
        "is_main": false,
        "is_not_main": true,
        "created": "2020-07-29",
        "updated": "2020-07-29"
    }
},
{
    "model": "instagram.imageitem",
    "pk": 1,
    "fields": {
        "image": "instagram/2020/07/29/inst_1_6MnYrkT.jpg",
        "is_active": true,
        "created": "2020-07-29",
        "updated": "2020-07-29"
    }
},
{
    "model": "instagram.imageitem",
    "pk": 2,
    "fields": {
        "image": "instagram/2020/07/29/inst_2.jpg",
        "is_active": true,
        "created": "2020-07-29",
        "updated": "2020-07-29"
    }
},
{
    "model": "instagram.imageitem",
    "pk": 3,
    "fields": {
        "image": "instagram/2020/07/29/inst_3.jpg",
        "is_active": true,
        "created": "2020-07-29",
        "updated": "2020-07-29"
    }
},
{
    "model": "instagram.imageitem",
    "pk": 4,
    "fields": {
        "image": "instagram/2020/07/29/inst_4.jpg",
        "is_active": true,
        "created": "2020-07-29",
        "updated": "2020-07-29"
    }
},
{
    "model": "instagram.imageitem",
    "pk": 5,
    "fields": {
        "image": "instagram/2020/07/29/inst_5.jpg",
        "is_active": true,
        "created": "2020-07-29",
        "updated": "2020-07-29"
    }
},
{
    "model": "instagram.imageitem",
    "pk": 6,
    "fields": {
        "image": "instagram/2020/07/29/inst_6.jpg",
        "is_active": true,
        "created": "2020-07-29",
        "updated": "2020-07-29"
    }
},
{
    "model": "reviews.review",
    "pk": 1,
    "fields": {
        "first_name": "\u041f\u0430\u0432\u0435\u043b",
        "last_name": "\u042d\u0445\u043e",
        "image": "review/2020/07/29/review_1.png",
        "message": "\u0417\u0430\u043a\u0430\u0437\u044b\u0432\u0430\u043b \u0432 \u044d\u0442\u043e\u043c \u043c\u0430\u0433\u0430\u0437\u0438\u043d\u0435 iPhone 11 pro. \u0421\u043f\u043e\u043a\u043e\u0439\u043d\u043e \u043e\u0441\u0442\u0430\u0432\u0438\u043b \u043f\u0440\u0435\u0434\u0437\u0430\u043a\u0430\u0437 \u0438 \u0441\u043e \u043c\u043d\u043e\u0439 \u043e\u043f\u0435\u0440\u0430\u0442\u0438\u0432\u043d\u043e \u0441\u0432\u044f\u0437\u0430\u043b\u0441\u044f \u043c\u0435\u043d\u0435\u0434\u0436\u0435\u0440 \u0434\u043b\u044f \u0443\u0442\u043e\u0447\u043d\u0435\u043d\u0438\u044f \u0434\u0435\u0442\u0430\u043b\u0435\u0439 \u043f\u043e\u043a\u0443\u043f\u043a\u0438. \u0425\u043e\u0442\u044f \u0445\u043e\u0434\u0438\u043b\u0438 \u0441\u043b\u0443\u0445\u0438 \u043e \u0442\u043e\u043c, \u0447\u0442\u043e \u043f\u0440\u0438\u0434\u0435\u0442\u0441\u044f \u0436\u0434\u0430\u0442\u044c \u0437\u0430\u043a\u0430\u0437\u0430 2 \u043c\u0435\u0441\u044f\u0446\u0430! \u0412 \u0438\u0442\u043e\u0433\u0435 \u0431\u044b\u043b\u043e \u0432\u0441\u0435 \u043a\u0430\u043a \u043e\u0431\u0435\u0449\u0430\u043d\u043e. \u041d\u0435 \u0431\u044b\u043b\u043e \u043d\u0438\u043a\u0430\u043a\u0438\u0445 \u043e\u0447\u0435\u0440\u0435\u0434\u0435\u0439. \u041f\u0440\u0438\u0448\u0435\u043b, \u043f\u0440\u043e\u0432\u0435\u0440\u0438\u043b\u0438 \u0442\u043e\u0432\u0430\u0440, \u043e\u043f\u043b\u0430\u0442\u0438\u043b\u0438 \u043f\u043e\u043a\u0443\u043f\u043a\u0443 \u0438 \u0437\u0430\u0431\u0440\u0430\u043b \u0441\u0432\u043e\u0439 \u0437\u0430\u043a\u0430\u0437. \u0421\u043f\u0430\u0441\u0438\u0431\u043e!",
        "is_active": true,
        "created": "2020-07-29",
        "updated": "2020-07-29"
    }
},
{
    "model": "reviews.review",
    "pk": 2,
    "fields": {
        "first_name": "\u0421\u043e\u0444\u044c\u044f",
        "last_name": "\u041a\u043b\u0438\u043c\u043e\u0432\u0430",
        "image": "review/2020/07/29/review_2.png",
        "message": "\u0423\u0434\u043e\u0431\u043d\u044b\u0439 \u0441\u0430\u0439\u0442, \u043b\u0435\u0433\u043a\u043e \u043d\u0430\u0439\u0442\u0438, \u0447\u0442\u043e \u043d\u0443\u0436\u043d\u043e. \u0414\u043e\u0441\u0442\u0430\u0432\u043a\u0430 \u043f\u0440\u0430\u0432\u0434\u0430 4-5 \u0434\u043d\u0435\u0439, \u0434\u043e\u043b\u0433\u043e. \u041d\u043e \u0432 \u0446\u0435\u043b\u043e\u043c \u0432\u0441\u0435 \u0445\u043e\u0440\u043e\u0448\u043e.",
        "is_active": true,
        "created": "2020-07-29",
        "updated": "2020-07-29"
    }
},
{
    "model": "reviews.review",
    "pk": 3,
    "fields": {
        "first_name": "\u042f\u043d\u0430",
        "last_name": "\u0421\u0435\u043c\u0435\u0447\u043a\u0438\u043d\u0430",
        "image": "review/2020/07/29/review_3.jpg",
        "message": "\u041d\u0435 \u043c\u043e\u0433\u043b\u0430 \u043d\u0438\u0433\u0434\u0435 \u043d\u0430\u0439\u0442\u0438 \u0430\u043a\u0441\u0435\u0441\u0441\u0443\u0430\u0440\u044b \u043a \u0441\u0432\u043e\u0435\u043c\u0443 \u0442\u0435\u043b\u0435\u0444\u043e\u043d\u0443. \u041d\u0430\u0448\u043b\u0430 \u043d\u0430 \u0441\u0430\u0439\u0442\u0435, \u043f\u043e\u0437\u0432\u043e\u043d\u0438\u043b\u0430 \u043f\u043e \u0442\u0435\u043b\u0435\u0444\u043e\u043d\u0443 \u0438 \u043c\u043d\u0435 \u0431\u0443\u043a\u0432\u0430\u043b\u044c\u043d\u043e \u0447\u0435\u0440\u0435\u0437 \u0434\u0435\u043d\u044c \u0434\u043e\u0441\u0442\u0430\u0432\u0438\u043b\u0438 \u0443\u043d\u0438\u0432\u0435\u0440\u0441\u0430\u043b\u044c\u043d\u044b\u0439 \u0447\u0435\u0445\u043e\u043b \u0432 \u0443\u043a\u0430\u0437\u0430\u043d\u043d\u044b\u0439 \u043c\u043d\u043e\u044e \u0430\u0434\u0440\u0435\u0441. \u041e\u0447\u0435\u043d\u044c \u0434\u043e\u0432\u043e\u043b\u044c\u043d\u0430 \u043f\u043e\u043a\u0443\u043f\u043a\u043e\u0439 \u0438 \u043e\u0431\u0441\u043b\u0443\u0436\u0438\u0432\u0430\u043d\u0438",
        "is_active": true,
        "created": "2020-07-29",
        "updated": "2020-07-29"
    }
},
{
    "model": "reviews.review",
    "pk": 4,
    "fields": {
        "first_name": "\u0412\u043b\u0430\u0434\u0438\u043c\u0438\u0440",
        "last_name": "\u0426\u0438\u043c\u0435\u043d\u043a\u043e",
        "image": "review/2020/07/29/review_4.jpg",
        "message": "\u041e\u0442\u043b\u0438\u0447\u043d\u044b\u0439 \u0442\u0435\u043b\u0435\u0444\u043e\u043d \u0437\u0430 \u0441\u0432\u043e\u044e \u0441\u0442\u043e\u0438\u043c\u043e\u0441\u0442\u044c. \u0411\u044b\u0441\u0442\u0440\u043e\u0434\u0435\u0439\u0441\u0442\u0432\u0438\u0435, \u0443\u0434\u043e\u0431\u0441\u0442\u0432\u043e, \u0434\u0438\u0437\u0430\u0439\u043d. \u041c\u0438\u043d\u0443\u0441\u043e\u0432 \u043d\u0435 \u0432\u044b\u044f\u0432\u0438\u043b, \u043e\u0447\u0435\u043d\u044c \u0431\u043e\u044f\u043b\u0441\u044f \u0437\u0430 \u043a\u0430\u0447\u0435\u0441\u0442\u0432\u043e \u0440\u0430\u0437\u0440\u0435\u0448\u0435\u043d\u0438\u044f. \u0411\u044b\u043b \u043f\u0440\u0438\u044f\u0442\u043d\u043e \u0443\u0434\u0438\u0432\u043b\u0435\u043d, \u043a\u0430\u0447\u0435\u0441\u0442\u0432\u043e \u044d\u043a\u0440\u0430\u043d\u0430 \u043d\u0430 \u0432\u044b\u0441\u043e\u0442\u0435. \u041f\u043e\u043a\u0443\u043f\u043a\u043e\u0439 \u0432 \u044d\u0442\u043e\u043c \u043c\u0430\u0433\u0430\u0437\u0438\u043d\u0435 \u0434\u043e\u0432\u043e\u043b\u0435\u043d \u0438 \u0432\u0430\u0441 \u0432\u0441\u0435\u043c \u0440\u0435\u043a\u043e\u043c\u0435\u043d\u0434\u0443\u044e. \u0412\u044b\u0431\u0438\u0440\u0430\u043b \u043c\u0435\u0436\u0434\u0443 X \u0438 XR. \u041e\u0441\u0442\u0430\u043d\u043e\u0432\u0438\u043b \u0441\u0432\u043e\u0439 \u0432\u044b\u0431\u043e\u0440 \u043d\u0430 \u0432\u0442\u043e\u0440\u043e\u043c. \u041d\u0435 \u0436\u0430\u043b\u0435\u044e. \u041f\u0435\u0440\u0435\u0448\u0451\u043b \u0441 7 plus.",
        "is_active": true,
        "created": "2020-07-29",
        "updated": "2020-07-29"
    }
},
{
    "model": "reviews.review",
    "pk": 5,
    "fields": {
        "first_name": "\u0410\u043b\u0435\u043a\u0441\u0435\u0439",
        "last_name": "\u041c\u0430\u043b\u044c\u0446\u0435\u0432",
        "image": "review/2020/07/29/review_5.jpg",
        "message": "\u041f\u043e\u043a\u0443\u043f\u0430\u043b \u0442\u0435\u043b\u0435\u0444\u043e\u043d, \u0437\u0430\u043a\u0430\u0437 \u0434\u043e\u0441\u0442\u0430\u0432\u0438\u043b\u0438 \u0437\u0430 \u0434\u0435\u043d\u044c, \u043d\u043e\u0432\u044b\u0439 \u0437\u0430\u043f\u0430\u043a\u043e\u0432\u0430\u043d\u043d\u044b\u0439. \u041f\u0440\u043e\u0432\u0435\u0440\u0438\u043b \u043d\u0430 \u0441\u0430\u0439\u0442\u0435 - \u0432\u0441\u0435 \u043e\u0444\u0438\u0446\u0438\u0430\u043b\u044c\u043d\u043e. \u0412\u0441\u0435 \u0443\u0434\u043e\u0431\u043d\u043e, \u0432\u0435\u0436\u043b\u0438\u0432\u044b\u0435 \u0440\u0435\u0431\u044f\u0442\u0430. \u041e\u0441\u043e\u0431\u044b\u0445 \u043d\u0435\u0434\u043e\u0441\u0442\u0430\u0442\u043a\u043e\u0432 \u043d\u0435\u0442 - \u043d\u0443 \u043f\u044b\u0442\u0430\u043b\u0438\u0441\u044c \u043f\u0440\u043e\u0434\u0430\u0442\u044c \u043c\u043d\u0435 \u0430\u043a\u0441\u0435\u0441\u0441\u0443\u0430\u0440\u044b, \u043d\u043e \u0442\u0430\u043a \u0432\u0435\u0437\u0434\u0435.",
        "is_active": true,
        "created": "2020-07-29",
        "updated": "2020-07-29"
    }
},
{
    "model": "reviews.review",
    "pk": 6,
    "fields": {
        "first_name": "\u042e\u043b\u0438\u044f",
        "last_name": "\u041e\u0440\u043b\u043e\u0432\u0430",
        "image": "review/2020/07/29/review_6.jpg",
        "message": "\u0423\u0434\u043e\u0431\u0441\u0442\u0432\u043e \u0432\u044b\u0431\u043e\u0440\u0430 \u0442\u043e\u0432\u0430\u0440\u0430 \u043d\u0430 \u0441\u0430\u0439\u0442\u0435, \u0441\u043a\u043e\u0440\u043e\u0441\u0442\u044c \u043e\u0431\u0440\u0430\u0431\u043e\u0442\u043a\u0438 \u0437\u0430\u043a\u0430\u0437\u0430 \u0438 \u0434\u043e\u0441\u0442\u0430\u0432\u043a\u0430. \u0412\u0441\u044f \u0438\u043d\u0444\u043e\u0440\u043c\u0430\u0446\u0438\u044f \u043e \u0437\u0430\u043a\u0430\u0437\u0435 \u0445\u0440\u0430\u043d\u0438\u0442\u0441\u044f \u043d\u0430 \u043f\u043e\u0447\u0442\u0435, \u043e\u0447\u0435\u043d\u044c \u0443\u0434\u043e\u0431\u043d\u043e. \u041c\u0435\u043d\u0435\u0434\u0436\u0435\u0440 \u0441\u0432\u044f\u0437\u044b\u0432\u0430\u0435\u0442\u0441\u044f \u0434\u043e\u0441\u0442\u0430\u0442\u043e\u0447\u043d\u043e \u0431\u044b\u0441\u0442\u0440\u043e. \u0427\u0430\u0441\u0442\u043e \u0437\u0434\u0435\u0441\u044c \u0437\u0430\u043a\u0430\u0437\u044b\u0432\u0430\u044e, \u043d\u0438\u043a\u043e\u0433\u0434\u0430 \u043d\u0435 \u043f\u043e\u0434\u0432\u043e\u0434\u044f\u0442!",
        "is_active": true,
        "created": "2020-07-29",
        "updated": "2020-07-29"
    }
},
{
    "model": "orders.order",
    "pk": 1,
    "fields": {
        "first_name": "\u041f\u0430\u0432\u0435\u043b",
        "last_name": "\u042d\u0445\u043e",
        "email": "aspirpd@gmail.com",
        "phone": "+7(950) 879-08-81",
        "address": "\u0423\u043b. \u0421\u0442\u0435\u043f\u0430\u043d\u0430 \u0420\u0430\u0437\u0438\u043d\u0430, 24, 891",
        "postal_code": "(993300)",
        "city": "\u041a\u0443\u0440\u0441\u043a",
        "paid": false,
        "description": "",
        "created": "2020-07-28",
        "updated": "2020-07-28"
    }
},
{
    "model": "orders.order",
    "pk": 2,
    "fields": {
        "first_name": "\u041f\u0430\u0432\u0435\u043b",
        "last_name": "\u042d\u0445\u043e",
        "email": "aspirpd@gmail.com",
        "phone": "+7(950) 879-08-81",
        "address": "\u0423\u043b. \u0421\u0442\u0435\u043f\u0430\u043d\u0430 \u0420\u0430\u0437\u0438\u043d\u0430, 24, 891",
        "postal_code": "(993300)",
        "city": "\u041a\u0443\u0440\u0441\u043a",
        "paid": false,
        "description": "",
        "created": "2020-07-28",
        "updated": "2020-07-28"
    }
},
{
    "model": "orders.order",
    "pk": 3,
    "fields": {
        "first_name": "test",
        "last_name": "test",
        "email": "test@gmail.com",
        "phone": "+7(950) 879-08-81",
        "address": "testtesttesttest",
        "postal_code": "",
        "city": "\u041a\u0443\u0440\u0441\u043a",
        "paid": false,
        "description": "",
        "created": "2020-07-28",
        "updated": "2020-07-28"
    }
},
{
    "model": "orders.order",
    "pk": 4,
    "fields": {
        "first_name": "\u0418\u0432\u0430\u043d",
        "last_name": "\u0418\u0432\u0430\u043d\u043e\u0432",
        "email": "aspirpd@gmail.com",
        "phone": "+7(950) 879-08-81",
        "address": "\u0423\u043b. \u0421\u0442\u0435\u043f\u0430\u043d\u0430 \u0420\u0430\u0437\u0438\u043d\u0430, 24, \u043a\u0432. 31",
        "postal_code": "(222333)",
        "city": "\u041a\u0443\u0440\u0441\u043a",
        "paid": false,
        "description": "",
        "created": "2020-07-28",
        "updated": "2020-07-28"
    }
},
{
    "model": "orders.order",
    "pk": 5,
    "fields": {
        "first_name": "\u0418\u0432\u0430\u043d",
        "last_name": "\u0418\u0432\u0430\u043d\u043e\u0432",
        "email": "aspirpd@gmail.com",
        "phone": "+7(950) 879-08-81",
        "address": "\u0423\u043b. \u0421\u0442\u0435\u043f\u0430\u043d\u0430 \u0420\u0430\u0437\u0438\u043d\u0430, 24, \u043a\u0432. 31",
        "postal_code": "(222333)",
        "city": "\u041a\u0443\u0440\u0441\u043a",
        "paid": false,
        "description": "",
        "created": "2020-07-28",
        "updated": "2020-07-28"
    }
},
{
    "model": "orders.order",
    "pk": 6,
    "fields": {
        "first_name": "\u0418\u0432\u0430\u043d",
        "last_name": "\u0418\u0432\u0430\u043d",
        "email": "aspirpd@gmail.com",
        "phone": "+7(950) 879-08-81",
        "address": "\u0418\u0432\u0430\u043d\u0418\u0432\u0430\u043d\u0418\u0432\u0430\u043d\u0418\u0432\u0430\u043d",
        "postal_code": "",
        "city": "\u041c\u043e\u0441\u043a\u0432\u0430",
        "paid": false,
        "description": "",
        "created": "2020-07-28",
        "updated": "2020-07-28"
    }
},
{
    "model": "orders.order",
    "pk": 7,
    "fields": {
        "first_name": "\u0418\u0432\u0430\u043d",
        "last_name": "\u0418\u0432\u0430\u043d",
        "email": "aspirpd@gmail.com",
        "phone": "+7(950) 879-08-81",
        "address": "\u0418\u0432\u0430\u043d\u0418\u0432\u0430\u043d\u0418\u0432\u0430\u043d\u0418\u0432\u0430\u043d",
        "postal_code": "",
        "city": "\u041c\u043e\u0441\u043a\u0432\u0430",
        "paid": false,
        "description": "",
        "created": "2020-07-28",
        "updated": "2020-07-28"
    }
},
{
    "model": "orders.order",
    "pk": 8,
    "fields": {
        "first_name": "\u0418\u0432\u0430\u043d",
        "last_name": "\u0418\u0432\u0430\u043d",
        "email": "aspirpd@gmail.com",
        "phone": "+7(950) 879-08-81",
        "address": "\u0418\u0432\u0430\u043d\u0418\u0432\u0430\u043d\u0418\u0432\u0430\u043d\u0418\u0432\u0430\u043d",
        "postal_code": "",
        "city": "\u041c\u043e\u0441\u043a\u0432\u0430",
        "paid": false,
        "description": "",
        "created": "2020-07-28",
        "updated": "2020-07-28"
    }
},
{
    "model": "orders.order",
    "pk": 9,
    "fields": {
        "first_name": "\u0418\u0432\u0430\u043d",
        "last_name": "\u0418\u0432\u0430\u043d",
        "email": "aspirpd@gmail.com",
        "phone": "+7(950) 879-08-81",
        "address": "\u0418\u0432\u0430\u043d\u0418\u0432\u0430\u043d\u0418\u0432\u0430\u043d\u0418\u0432\u0430\u043d",
        "postal_code": "",
        "city": "\u041c\u043e\u0441\u043a\u0432\u0430",
        "paid": false,
        "description": "",
        "created": "2020-07-28",
        "updated": "2020-07-28"
    }
},
{
    "model": "orders.order",
    "pk": 10,
    "fields": {
        "first_name": "\u0418\u0432\u0430\u043d",
        "last_name": "\u0418\u0432\u0430\u043d",
        "email": "aspirpd@gmail.com",
        "phone": "+7(950) 879-08-81",
        "address": "\u0418\u0432\u0430\u043d\u0418\u0432\u0430\u043d\u0418\u0432\u0430\u043d\u0418\u0432\u0430\u043d",
        "postal_code": "",
        "city": "\u041c\u043e\u0441\u043a\u0432\u0430",
        "paid": false,
        "description": "",
        "created": "2020-07-28",
        "updated": "2020-07-28"
    }
},
{
    "model": "orders.order",
    "pk": 11,
    "fields": {
        "first_name": "\u041f\u0430\u0432\u0435\u043b",
        "last_name": "\u042d\u0445\u043e",
        "email": "aspirpd@gmail.com",
        "phone": "+7(950) 879-08-81",
        "address": "Ek/",
        "postal_code": "(305005)",
        "city": "\u041a\u0443\u0440\u0441\u043a",
        "paid": false,
        "description": "",
        "created": "2020-07-28",
        "updated": "2020-07-28"
    }
},
{
    "model": "orders.order",
    "pk": 12,
    "fields": {
        "first_name": "\u041f\u0430\u0432\u0435\u043b",
        "last_name": "\u042d\u0445\u043e",
        "email": "aspirpd@gmail.com",
        "phone": "+7(950) 879-08-81",
        "address": "Ek/",
        "postal_code": "(305005)",
        "city": "\u041a\u0443\u0440\u0441\u043a",
        "paid": false,
        "description": "",
        "created": "2020-07-28",
        "updated": "2020-07-28"
    }
},
{
    "model": "orders.order",
    "pk": 13,
    "fields": {
        "first_name": "\u041f\u0430\u0432\u0435\u043b",
        "last_name": "\u042d\u0445\u043e",
        "email": "aspirpd@gmail.com",
        "phone": "+7(950) 879-08-81",
        "address": "Ek/",
        "postal_code": "(305005)",
        "city": "\u041a\u0443\u0440\u0441\u043a",
        "paid": false,
        "description": "",
        "created": "2020-07-28",
        "updated": "2020-07-28"
    }
},
{
    "model": "orders.order",
    "pk": 14,
    "fields": {
        "first_name": "\u041f\u0430\u0432\u0435\u043b",
        "last_name": "\u042d\u0445\u043e",
        "email": "aspirpd@gmail.com",
        "phone": "+7(950) 879-08-81",
        "address": "Ek/",
        "postal_code": "(305005)",
        "city": "\u041a\u0443\u0440\u0441\u043a",
        "paid": false,
        "description": "",
        "created": "2020-07-28",
        "updated": "2020-07-28"
    }
},
{
    "model": "orders.order",
    "pk": 15,
    "fields": {
        "first_name": "\u041f\u0430\u0432\u0435\u043b",
        "last_name": "\u042d\u0445\u043e",
        "email": "aspirpd@gmail.com",
        "phone": "+7(950) 879-08-81",
        "address": "Ek/",
        "postal_code": "(305005)",
        "city": "\u041a\u0443\u0440\u0441\u043a",
        "paid": false,
        "description": "",
        "created": "2020-07-28",
        "updated": "2020-07-28"
    }
},
{
    "model": "orders.orderitem",
    "pk": 1,
    "fields": {
        "order": 1,
        "product": 1,
        "price": "84990.00",
        "quantity": 1
    }
},
{
    "model": "orders.orderitem",
    "pk": 2,
    "fields": {
        "order": 2,
        "product": 1,
        "price": "84990.00",
        "quantity": 1
    }
},
{
    "model": "orders.orderitem",
    "pk": 3,
    "fields": {
        "order": 3,
        "product": 1,
        "price": "84990.00",
        "quantity": 1
    }
},
{
    "model": "orders.orderitem",
    "pk": 4,
    "fields": {
        "order": 4,
        "product": 1,
        "price": "84990.00",
        "quantity": 1
    }
},
{
    "model": "orders.orderitem",
    "pk": 5,
    "fields": {
        "order": 5,
        "product": 1,
        "price": "84990.00",
        "quantity": 1
    }
},
{
    "model": "orders.orderitem",
    "pk": 6,
    "fields": {
        "order": 6,
        "product": 1,
        "price": "84990.00",
        "quantity": 1
    }
},
{
    "model": "orders.orderitem",
    "pk": 7,
    "fields": {
        "order": 7,
        "product": 1,
        "price": "84990.00",
        "quantity": 1
    }
},
{
    "model": "orders.orderitem",
    "pk": 8,
    "fields": {
        "order": 8,
        "product": 1,
        "price": "84990.00",
        "quantity": 1
    }
},
{
    "model": "orders.orderitem",
    "pk": 9,
    "fields": {
        "order": 9,
        "product": 1,
        "price": "84990.00",
        "quantity": 1
    }
},
{
    "model": "orders.orderitem",
    "pk": 10,
    "fields": {
        "order": 10,
        "product": 1,
        "price": "84990.00",
        "quantity": 1
    }
},
{
    "model": "orders.orderitem",
    "pk": 11,
    "fields": {
        "order": 11,
        "product": 1,
        "price": "84990.00",
        "quantity": 1
    }
},
{
    "model": "emails.emailtype",
    "pk": 1,
    "fields": {
        "name": "\u0423\u0432\u0435\u0434\u043e\u043c\u043b\u0435\u043d\u0438\u0435 \u0430\u0434\u043c\u0438\u043d\u0438\u0441\u0442\u0440\u0430\u0442\u043e\u0440\u0443",
        "is_active": true,
        "created": "2020-07-28T12:08:08.424Z",
        "updated": "2020-07-28T12:08:08.424Z"
    }
},
{
    "model": "emails.emailtype",
    "pk": 2,
    "fields": {
        "name": "\u0423\u0432\u0435\u0434\u043e\u043c\u043b\u0435\u043d\u0438\u0435 \u043a\u043b\u0438\u0435\u043d\u0442\u0443",
        "is_active": true,
        "created": "2020-07-28T12:08:16.881Z",
        "updated": "2020-07-28T12:08:16.881Z"
    }
},
{
    "model": "emails.emailsendingfact",
    "pk": 1,
    "fields": {
        "type": 1,
        "order": 9,
        "email": "neformatinc@gmail.com",
        "created": "2020-07-28T12:52:50.205Z",
        "updated": "2020-07-28T12:52:50.205Z"
    }
},
{
    "model": "emails.emailsendingfact",
    "pk": 2,
    "fields": {
        "type": 1,
        "order": 10,
        "email": "neformatinc@gmail.com",
        "created": "2020-07-28T12:53:30.064Z",
        "updated": "2020-07-28T12:53:30.064Z"
    }
},
{
    "model": "emails.emailsendingfact",
    "pk": 3,
    "fields": {
        "type": 2,
        "order": 10,
        "email": "aspirpd@gmail.com",
        "created": "2020-07-28T12:53:31.313Z",
        "updated": "2020-07-28T12:53:31.313Z"
    }
},
{
    "model": "emails.emailsendingfact",
    "pk": 4,
    "fields": {
        "type": 1,
        "order": 11,
        "email": "neformatinc@gmail.com",
        "created": "2020-07-28T13:17:32.579Z",
        "updated": "2020-07-28T13:17:32.579Z"
    }
},
{
    "model": "emails.emailsendingfact",
    "pk": 5,
    "fields": {
        "type": 2,
        "order": 11,
        "email": "aspirpd@gmail.com",
        "created": "2020-07-28T13:17:33.874Z",
        "updated": "2020-07-28T13:17:33.874Z"
    }
},
{
    "model": "emails.emailsendingfact",
    "pk": 6,
    "fields": {
        "type": 1,
        "order": 12,
        "email": "neformatinc@gmail.com",
        "created": "2020-07-28T13:24:18.317Z",
        "updated": "2020-07-28T13:24:18.317Z"
    }
},
{
    "model": "emails.emailsendingfact",
    "pk": 7,
    "fields": {
        "type": 2,
        "order": 12,
        "email": "aspirpd@gmail.com",
        "created": "2020-07-28T13:24:19.571Z",
        "updated": "2020-07-28T13:24:19.571Z"
    }
},
{
    "model": "emails.emailsendingfact",
    "pk": 8,
    "fields": {
        "type": 1,
        "order": 14,
        "email": "neformatinc@gmail.com",
        "created": "2020-07-28T13:31:39.402Z",
        "updated": "2020-07-28T13:31:39.402Z"
    }
},
{
    "model": "emails.emailsendingfact",
    "pk": 9,
    "fields": {
        "type": 2,
        "order": 14,
        "email": "aspirpd@gmail.com",
        "created": "2020-07-28T13:31:40.624Z",
        "updated": "2020-07-28T13:31:40.624Z"
    }
},
{
    "model": "emails.emailsendingfact",
    "pk": 10,
    "fields": {
        "type": 1,
        "order": 15,
        "email": "neformatinc@gmail.com",
        "created": "2020-07-28T13:32:57.103Z",
        "updated": "2020-07-28T13:32:57.103Z"
    }
},
{
    "model": "emails.emailsendingfact",
    "pk": 11,
    "fields": {
        "type": 2,
        "order": 15,
        "email": "aspirpd@gmail.com",
        "created": "2020-07-28T13:32:58.352Z",
        "updated": "2020-07-28T13:32:58.352Z"
    }
},
{
    "model": "admin.logentry",
    "pk": 1,
    "fields": {
        "action_time": "2020-07-27T11:08:21.856Z",
        "user": [
            "admin"
        ],
        "content_type": [
            "products",
            "productcategory"
        ],
        "object_id": "1",
        "object_repr": "iPhone",
        "action_flag": 1,
        "change_message": "[{\"added\": {}}]"
    }
},
{
    "model": "admin.logentry",
    "pk": 2,
    "fields": {
        "action_time": "2020-07-27T11:08:34.641Z",
        "user": [
            "admin"
        ],
        "content_type": [
            "products",
            "productcategory"
        ],
        "object_id": "2",
        "object_repr": "iPhone 11 Pro",
        "action_flag": 1,
        "change_message": "[{\"added\": {}}]"
    }
},
{
    "model": "admin.logentry",
    "pk": 3,
    "fields": {
        "action_time": "2020-07-27T11:09:49.461Z",
        "user": [
            "admin"
        ],
        "content_type": [
            "products",
            "product"
        ],
        "object_id": "1",
        "object_repr": "Apple iPhone 11 pro gold",
        "action_flag": 1,
        "change_message": "[{\"added\": {}}, {\"added\": {\"name\": \"\\u041f\\u043e\\u0434\\u0440\\u043e\\u0431\\u043d\\u0430\\u044f \\u0438\\u043d\\u0444\\u043e\\u0440\\u043c\\u0430\\u0446\\u0438\\u044f \\u043a \\u0442\\u043e\\u0432\\u0430\\u0440\\u0443\", \"object\": \"Apple iPhone 11 pro gold\"}}]"
    }
},
{
    "model": "admin.logentry",
    "pk": 4,
    "fields": {
        "action_time": "2020-07-27T11:10:28.123Z",
        "user": [
            "admin"
        ],
        "content_type": [
            "products",
            "product"
        ],
        "object_id": "1",
        "object_repr": "Apple iPhone 11 pro gold",
        "action_flag": 2,
        "change_message": "[{\"changed\": {\"fields\": [\"\\u041e\\u0431\\u043b\\u043e\\u0436\\u043a\\u0430 \\u0442\\u043e\\u0432\\u0430\\u0440\\u0430\"]}}]"
    }
},
{
    "model": "admin.logentry",
    "pk": 5,
    "fields": {
        "action_time": "2020-07-27T13:13:55.609Z",
        "user": [
            "admin"
        ],
        "content_type": [
            "products",
            "productcategory"
        ],
        "object_id": "3",
        "object_repr": "iPhone 11",
        "action_flag": 1,
        "change_message": "[{\"added\": {}}]"
    }
},
{
    "model": "admin.logentry",
    "pk": 6,
    "fields": {
        "action_time": "2020-07-27T13:14:06.055Z",
        "user": [
            "admin"
        ],
        "content_type": [
            "products",
            "productcategory"
        ],
        "object_id": "3",
        "object_repr": "iPhone 11",
        "action_flag": 2,
        "change_message": "[{\"changed\": {\"fields\": [\"tree_id\"]}}]"
    }
},
{
    "model": "admin.logentry",
    "pk": 7,
    "fields": {
        "action_time": "2020-07-27T13:14:11.760Z",
        "user": [
            "admin"
        ],
        "content_type": [
            "products",
            "productcategory"
        ],
        "object_id": "3",
        "object_repr": "iPhone 11",
        "action_flag": 2,
        "change_message": "[{\"changed\": {\"fields\": []}}]"
    }
},
{
    "model": "admin.logentry",
    "pk": 8,
    "fields": {
        "action_time": "2020-07-27T13:14:15.400Z",
        "user": [
            "admin"
        ],
        "content_type": [
            "products",
            "productcategory"
        ],
        "object_id": "3",
        "object_repr": "iPhone 11",
        "action_flag": 2,
        "change_message": "[{\"changed\": {\"fields\": [\"parent\", \"lft\", \"rght\", \"tree_id\", \"level\"]}}]"
    }
},
{
    "model": "admin.logentry",
    "pk": 9,
    "fields": {
        "action_time": "2020-07-27T13:34:36.843Z",
        "user": [
            "admin"
        ],
        "content_type": [
            "products",
            "productcategory"
        ],
        "object_id": "4",
        "object_repr": "iPhone XS",
        "action_flag": 1,
        "change_message": "[{\"added\": {}}]"
    }
},
{
    "model": "admin.logentry",
    "pk": 10,
    "fields": {
        "action_time": "2020-07-27T13:34:56.939Z",
        "user": [
            "admin"
        ],
        "content_type": [
            "products",
            "productcategory"
        ],
        "object_id": "5",
        "object_repr": "iPhone XR",
        "action_flag": 1,
        "change_message": "[{\"added\": {}}]"
    }
},
{
    "model": "admin.logentry",
    "pk": 11,
    "fields": {
        "action_time": "2020-07-27T13:35:12.173Z",
        "user": [
            "admin"
        ],
        "content_type": [
            "products",
            "productcategory"
        ],
        "object_id": "6",
        "object_repr": "iPhone 8",
        "action_flag": 1,
        "change_message": "[{\"added\": {}}]"
    }
},
{
    "model": "admin.logentry",
    "pk": 12,
    "fields": {
        "action_time": "2020-07-27T13:35:25.717Z",
        "user": [
            "admin"
        ],
        "content_type": [
            "products",
            "productcategory"
        ],
        "object_id": "7",
        "object_repr": "iPhone 7",
        "action_flag": 1,
        "change_message": "[{\"added\": {}}]"
    }
},
{
    "model": "admin.logentry",
    "pk": 13,
    "fields": {
        "action_time": "2020-07-27T13:35:41.870Z",
        "user": [
            "admin"
        ],
        "content_type": [
            "products",
            "productcategory"
        ],
        "object_id": "8",
        "object_repr": "iPad",
        "action_flag": 1,
        "change_message": "[{\"added\": {}}]"
    }
},
{
    "model": "admin.logentry",
    "pk": 14,
    "fields": {
        "action_time": "2020-07-27T13:35:53.501Z",
        "user": [
            "admin"
        ],
        "content_type": [
            "products",
            "productcategory"
        ],
        "object_id": "9",
        "object_repr": "iPad Pro",
        "action_flag": 1,
        "change_message": "[{\"added\": {}}]"
    }
},
{
    "model": "admin.logentry",
    "pk": 15,
    "fields": {
        "action_time": "2020-07-27T13:36:23.920Z",
        "user": [
            "admin"
        ],
        "content_type": [
            "products",
            "productcategory"
        ],
        "object_id": "10",
        "object_repr": "iPad Air",
        "action_flag": 1,
        "change_message": "[{\"added\": {}}]"
    }
},
{
    "model": "admin.logentry",
    "pk": 16,
    "fields": {
        "action_time": "2020-07-27T13:36:42.069Z",
        "user": [
            "admin"
        ],
        "content_type": [
            "products",
            "productcategory"
        ],
        "object_id": "11",
        "object_repr": "iPad mini 2019",
        "action_flag": 1,
        "change_message": "[{\"added\": {}}]"
    }
},
{
    "model": "admin.logentry",
    "pk": 17,
    "fields": {
        "action_time": "2020-07-27T13:36:49.980Z",
        "user": [
            "admin"
        ],
        "content_type": [
            "products",
            "productcategory"
        ],
        "object_id": "12",
        "object_repr": "Mac",
        "action_flag": 1,
        "change_message": "[{\"added\": {}}]"
    }
},
{
    "model": "admin.logentry",
    "pk": 18,
    "fields": {
        "action_time": "2020-07-27T13:37:01.102Z",
        "user": [
            "admin"
        ],
        "content_type": [
            "products",
            "productcategory"
        ],
        "object_id": "13",
        "object_repr": "\u041d\u043e\u0443\u0442\u0431\u0443\u043a\u0438",
        "action_flag": 1,
        "change_message": "[{\"added\": {}}]"
    }
},
{
    "model": "admin.logentry",
    "pk": 19,
    "fields": {
        "action_time": "2020-07-27T13:37:11.949Z",
        "user": [
            "admin"
        ],
        "content_type": [
            "products",
            "productcategory"
        ],
        "object_id": "14",
        "object_repr": "iMac",
        "action_flag": 1,
        "change_message": "[{\"added\": {}}]"
    }
},
{
    "model": "admin.logentry",
    "pk": 20,
    "fields": {
        "action_time": "2020-07-27T13:37:31.673Z",
        "user": [
            "admin"
        ],
        "content_type": [
            "products",
            "productcategory"
        ],
        "object_id": "15",
        "object_repr": "\u0427\u0430\u0441\u044b",
        "action_flag": 1,
        "change_message": "[{\"added\": {}}]"
    }
},
{
    "model": "admin.logentry",
    "pk": 21,
    "fields": {
        "action_time": "2020-07-27T13:37:59.236Z",
        "user": [
            "admin"
        ],
        "content_type": [
            "products",
            "productcategory"
        ],
        "object_id": "16",
        "object_repr": "Watch Series 5",
        "action_flag": 1,
        "change_message": "[{\"added\": {}}]"
    }
},
{
    "model": "admin.logentry",
    "pk": 22,
    "fields": {
        "action_time": "2020-07-27T13:38:17.423Z",
        "user": [
            "admin"
        ],
        "content_type": [
            "products",
            "productcategory"
        ],
        "object_id": "17",
        "object_repr": "Watch Series 4",
        "action_flag": 1,
        "change_message": "[{\"added\": {}}]"
    }
},
{
    "model": "admin.logentry",
    "pk": 23,
    "fields": {
        "action_time": "2020-07-27T13:38:35.348Z",
        "user": [
            "admin"
        ],
        "content_type": [
            "products",
            "productcategory"
        ],
        "object_id": "18",
        "object_repr": "Watch Series 3",
        "action_flag": 1,
        "change_message": "[{\"added\": {}}]"
    }
},
{
    "model": "admin.logentry",
    "pk": 24,
    "fields": {
        "action_time": "2020-07-27T13:38:50.476Z",
        "user": [
            "admin"
        ],
        "content_type": [
            "products",
            "productcategory"
        ],
        "object_id": "19",
        "object_repr": "Watch Nike",
        "action_flag": 1,
        "change_message": "[{\"added\": {}}]"
    }
},
{
    "model": "admin.logentry",
    "pk": 25,
    "fields": {
        "action_time": "2020-07-27T13:39:07.051Z",
        "user": [
            "admin"
        ],
        "content_type": [
            "products",
            "productcategory"
        ],
        "object_id": "20",
        "object_repr": "Airpods",
        "action_flag": 1,
        "change_message": "[{\"added\": {}}]"
    }
},
{
    "model": "admin.logentry",
    "pk": 26,
    "fields": {
        "action_time": "2020-07-27T13:39:21.732Z",
        "user": [
            "admin"
        ],
        "content_type": [
            "products",
            "productcategory"
        ],
        "object_id": "21",
        "object_repr": "\u041a\u0432\u0430\u0434\u0440\u043e\u043a\u043e\u043f\u0442\u0435\u0440\u044b",
        "action_flag": 1,
        "change_message": "[{\"added\": {}}]"
    }
},
{
    "model": "admin.logentry",
    "pk": 27,
    "fields": {
        "action_time": "2020-07-27T13:39:34.086Z",
        "user": [
            "admin"
        ],
        "content_type": [
            "products",
            "productcategory"
        ],
        "object_id": "22",
        "object_repr": "\u042d\u043a\u0448\u043d-\u043a\u0430\u043c\u0435\u0440\u044b",
        "action_flag": 1,
        "change_message": "[{\"added\": {}}]"
    }
},
{
    "model": "admin.logentry",
    "pk": 28,
    "fields": {
        "action_time": "2020-07-27T13:39:42.347Z",
        "user": [
            "admin"
        ],
        "content_type": [
            "products",
            "productcategory"
        ],
        "object_id": "23",
        "object_repr": "\u0410\u043a\u0441\u0435\u0441\u0441\u0443\u0430\u0440\u044b",
        "action_flag": 1,
        "change_message": "[{\"added\": {}}]"
    }
},
{
    "model": "admin.logentry",
    "pk": 29,
    "fields": {
        "action_time": "2020-07-27T13:39:59.646Z",
        "user": [
            "admin"
        ],
        "content_type": [
            "products",
            "productcategory"
        ],
        "object_id": "24",
        "object_repr": "\u041a\u0430\u0431\u0435\u043b\u0438",
        "action_flag": 1,
        "change_message": "[{\"added\": {}}]"
    }
},
{
    "model": "admin.logentry",
    "pk": 30,
    "fields": {
        "action_time": "2020-07-27T13:40:15.101Z",
        "user": [
            "admin"
        ],
        "content_type": [
            "products",
            "productcategory"
        ],
        "object_id": "25",
        "object_repr": "\u0427\u0435\u0445\u043b\u044b \u0434\u043b\u044f iPhone",
        "action_flag": 1,
        "change_message": "[{\"added\": {}}]"
    }
},
{
    "model": "admin.logentry",
    "pk": 31,
    "fields": {
        "action_time": "2020-07-27T13:40:36.360Z",
        "user": [
            "admin"
        ],
        "content_type": [
            "products",
            "productcategory"
        ],
        "object_id": "26",
        "object_repr": "\u0412\u043d. \u0430\u043a\u043a\u0443\u043c\u0443\u043b\u044f\u0442\u043e\u0440\u044b",
        "action_flag": 1,
        "change_message": "[{\"added\": {}}]"
    }
},
{
    "model": "admin.logentry",
    "pk": 32,
    "fields": {
        "action_time": "2020-07-27T13:40:52.405Z",
        "user": [
            "admin"
        ],
        "content_type": [
            "products",
            "productcategory"
        ],
        "object_id": "27",
        "object_repr": "\u0410\u0443\u0434\u0438\u043e",
        "action_flag": 1,
        "change_message": "[{\"added\": {}}]"
    }
},
{
    "model": "admin.logentry",
    "pk": 33,
    "fields": {
        "action_time": "2020-07-27T13:41:03.372Z",
        "user": [
            "admin"
        ],
        "content_type": [
            "products",
            "productcategory"
        ],
        "object_id": "28",
        "object_repr": "\u0414\u0435\u0440\u0436\u0430\u0442\u0435\u043b\u0438",
        "action_flag": 1,
        "change_message": "[{\"added\": {}}]"
    }
},
{
    "model": "admin.logentry",
    "pk": 34,
    "fields": {
        "action_time": "2020-07-27T13:41:17.518Z",
        "user": [
            "admin"
        ],
        "content_type": [
            "products",
            "productcategory"
        ],
        "object_id": "29",
        "object_repr": "\u0417\u0430\u0449. \u0441\u0442\u0435\u043a\u043b\u0430",
        "action_flag": 1,
        "change_message": "[{\"added\": {}}]"
    }
},
{
    "model": "admin.logentry",
    "pk": 35,
    "fields": {
        "action_time": "2020-07-27T13:41:34.783Z",
        "user": [
            "admin"
        ],
        "content_type": [
            "products",
            "productcategory"
        ],
        "object_id": "30",
        "object_repr": "\u0417\u0430\u0440\u044f\u0434. \u0443\u0441\u0442-\u0432\u0430",
        "action_flag": 1,
        "change_message": "[{\"added\": {}}]"
    }
},
{
    "model": "admin.logentry",
    "pk": 36,
    "fields": {
        "action_time": "2020-07-27T13:41:49.259Z",
        "user": [
            "admin"
        ],
        "content_type": [
            "products",
            "productcategory"
        ],
        "object_id": "31",
        "object_repr": "\u041f\u0440\u043e\u0447\u0435\u0435",
        "action_flag": 1,
        "change_message": "[{\"added\": {}}]"
    }
},
{
    "model": "admin.logentry",
    "pk": 37,
    "fields": {
        "action_time": "2020-07-27T14:48:36.656Z",
        "user": [
            "admin"
        ],
        "content_type": [
            "products",
            "product"
        ],
        "object_id": "1",
        "object_repr": "Apple iPhone 11 pro gold",
        "action_flag": 2,
        "change_message": "[{\"changed\": {\"name\": \"\\u041f\\u043e\\u0434\\u0440\\u043e\\u0431\\u043d\\u0430\\u044f \\u0438\\u043d\\u0444\\u043e\\u0440\\u043c\\u0430\\u0446\\u0438\\u044f \\u043a \\u0442\\u043e\\u0432\\u0430\\u0440\\u0443\", \"object\": \"Apple iPhone 11 pro gold\", \"fields\": [\"\\u0424\\u043e\\u0442\\u043e\\u0433\\u0440\\u0430\\u0444\\u0438\\u044f\"]}}]"
    }
},
{
    "model": "admin.logentry",
    "pk": 38,
    "fields": {
        "action_time": "2020-07-28T12:08:08.425Z",
        "user": [
            "admin"
        ],
        "content_type": [
            "emails",
            "emailtype"
        ],
        "object_id": "1",
        "object_repr": "\u0423\u0432\u0435\u0434\u043e\u043c\u043b\u0435\u043d\u0438\u0435 \u0430\u0434\u043c\u0438\u043d\u0438\u0441\u0442\u0440\u0430\u0442\u043e\u0440\u0443",
        "action_flag": 1,
        "change_message": "[{\"added\": {}}]"
    }
},
{
    "model": "admin.logentry",
    "pk": 39,
    "fields": {
        "action_time": "2020-07-28T12:08:16.882Z",
        "user": [
            "admin"
        ],
        "content_type": [
            "emails",
            "emailtype"
        ],
        "object_id": "2",
        "object_repr": "\u0423\u0432\u0435\u0434\u043e\u043c\u043b\u0435\u043d\u0438\u0435 \u043a\u043b\u0438\u0435\u043d\u0442\u0443",
        "action_flag": 1,
        "change_message": "[{\"added\": {}}]"
    }
},
{
    "model": "admin.logentry",
    "pk": 40,
    "fields": {
        "action_time": "2020-07-29T05:53:56.895Z",
        "user": [
            "admin"
        ],
        "content_type": [
            "products",
            "product"
        ],
        "object_id": "2",
        "object_repr": "Apple iPhone 11 pro silver",
        "action_flag": 1,
        "change_message": "[{\"added\": {}}]"
    }
},
{
    "model": "admin.logentry",
    "pk": 41,
    "fields": {
        "action_time": "2020-07-29T05:55:23.176Z",
        "user": [
            "admin"
        ],
        "content_type": [
            "products",
            "product"
        ],
        "object_id": "3",
        "object_repr": "Apple iPad Pro 12,9\" Wi-Fi + Cellular 256 \u0413\u0411, \u0441\u0435\u0440\u0435\u0431\u0440\u0438\u0441\u0442\u044b\u0439",
        "action_flag": 1,
        "change_message": "[{\"added\": {}}]"
    }
},
{
    "model": "admin.logentry",
    "pk": 42,
    "fields": {
        "action_time": "2020-07-29T05:56:29.467Z",
        "user": [
            "admin"
        ],
        "content_type": [
            "products",
            "product"
        ],
        "object_id": "4",
        "object_repr": "Apple iPad Pro 12,9\" Wi-Fi + Cellular 256 \u0413\u0411, \u0437\u043e\u043b\u043e\u0442\u043e\u0439",
        "action_flag": 1,
        "change_message": "[{\"added\": {}}]"
    }
},
{
    "model": "admin.logentry",
    "pk": 43,
    "fields": {
        "action_time": "2020-07-29T05:57:45.073Z",
        "user": [
            "admin"
        ],
        "content_type": [
            "products",
            "product"
        ],
        "object_id": "5",
        "object_repr": "Apple iMac Pro 27\" Retina 5K Intel Xeon W 3.2 \u0413\u0413\u0446, 32 \u0413\u0411, 1 \u0422\u0411 SSD, Radeon Pro Vega 56 8 \u0413\u0411",
        "action_flag": 1,
        "change_message": "[{\"added\": {}}]"
    }
},
{
    "model": "admin.logentry",
    "pk": 44,
    "fields": {
        "action_time": "2020-07-29T05:59:29.700Z",
        "user": [
            "admin"
        ],
        "content_type": [
            "products",
            "product"
        ],
        "object_id": "6",
        "object_repr": "Apple iMac 27\" 6 Core i5 3 \u0413\u0413\u0446, 8 \u0413\u0411, 1 \u0422\u0411 FD, RPro 570X",
        "action_flag": 1,
        "change_message": "[{\"added\": {}}]"
    }
},
{
    "model": "admin.logentry",
    "pk": 45,
    "fields": {
        "action_time": "2020-07-29T06:00:45.912Z",
        "user": [
            "admin"
        ],
        "content_type": [
            "products",
            "product"
        ],
        "object_id": "7",
        "object_repr": "Apple Watch Series 5, 40 \u043c\u043c, \u043a\u043e\u0440\u043f\u0443\u0441 \u0438\u0437 \u0430\u043b\u044e\u043c\u0438\u043d\u0438\u044f \u0441\u0435\u0440\u0435\u0431\u0440\u0438\u0441\u0442\u043e\u0433\u043e \u0446\u0432\u0435\u0442\u0430, \u0441\u043f\u043e\u0440\u0442\u0438\u0432\u043d\u044b\u0439 \u0431\u0440\u0430\u0441\u043b\u0435\u0442 \u0431\u0435\u043b\u043e\u0433\u043e \u0446\u0432\u0435\u0442\u0430",
        "action_flag": 1,
        "change_message": "[{\"added\": {}}]"
    }
},
{
    "model": "admin.logentry",
    "pk": 46,
    "fields": {
        "action_time": "2020-07-29T06:01:28.047Z",
        "user": [
            "admin"
        ],
        "content_type": [
            "products",
            "product"
        ],
        "object_id": "8",
        "object_repr": "Apple Watch Series 5, 44 \u043c\u043c, \u043a\u043e\u0440\u043f\u0443\u0441 \u0438\u0437 \u0430\u043b\u044e\u043c\u0438\u043d\u0438\u044f \u0441\u0435\u0440\u0435\u0431\u0440\u0438\u0441\u0442\u043e\u0433\u043e \u0446\u0432\u0435\u0442\u0430, \u0441\u043f\u043e\u0440\u0442\u0438\u0432\u043d\u044b\u0439 \u0431\u0440\u0430\u0441\u043b\u0435\u0442 \u0431\u0435\u043b\u043e\u0433\u043e \u0446\u0432\u0435\u0442\u0430",
        "action_flag": 1,
        "change_message": "[{\"added\": {}}]"
    }
},
{
    "model": "admin.logentry",
    "pk": 47,
    "fields": {
        "action_time": "2020-07-29T06:02:17.133Z",
        "user": [
            "admin"
        ],
        "content_type": [
            "products",
            "product"
        ],
        "object_id": "9",
        "object_repr": "\u0411\u0435\u0441\u043f\u0440\u043e\u0432\u043e\u0434\u043d\u0430\u044f \u0433\u0430\u0440\u043d\u0438\u0442\u0443\u0440\u0430 Apple AirPods Custom Colors (\u041a\u043e\u0440\u0438\u0447\u043d\u0435\u0432\u044b\u0439 \u0433\u043b\u044f\u043d\u0446\u0435\u0432\u044b\u0439)",
        "action_flag": 1,
        "change_message": "[{\"added\": {}}]"
    }
},
{
    "model": "admin.logentry",
    "pk": 48,
    "fields": {
        "action_time": "2020-07-29T06:02:57.100Z",
        "user": [
            "admin"
        ],
        "content_type": [
            "products",
            "product"
        ],
        "object_id": "10",
        "object_repr": "\u0411\u0435\u0441\u043f\u0440\u043e\u0432\u043e\u0434\u043d\u0430\u044f \u0433\u0430\u0440\u043d\u0438\u0442\u0443\u0440\u0430 Apple AirPods Custom Colors (\u0420\u043e\u0437\u043e\u0432\u044b\u0439 \u0433\u043b\u044f\u043d\u0446\u0435\u0432\u044b\u0439)",
        "action_flag": 1,
        "change_message": "[{\"added\": {}}]"
    }
},
{
    "model": "admin.logentry",
    "pk": 49,
    "fields": {
        "action_time": "2020-07-29T06:03:54.876Z",
        "user": [
            "admin"
        ],
        "content_type": [
            "products",
            "product"
        ],
        "object_id": "11",
        "object_repr": "\u041a\u0430\u043c\u0435\u0440\u0430 GoPro HERO7 Black Edition",
        "action_flag": 1,
        "change_message": "[{\"added\": {}}]"
    }
},
{
    "model": "admin.logentry",
    "pk": 50,
    "fields": {
        "action_time": "2020-07-29T06:04:32.083Z",
        "user": [
            "admin"
        ],
        "content_type": [
            "products",
            "product"
        ],
        "object_id": "12",
        "object_repr": "\u041a\u0430\u043c\u0435\u0440\u0430 GoPro HERO7 White Edition",
        "action_flag": 1,
        "change_message": "[{\"added\": {}}]"
    }
},
{
    "model": "admin.logentry",
    "pk": 51,
    "fields": {
        "action_time": "2020-07-29T06:06:04.452Z",
        "user": [
            "admin"
        ],
        "content_type": [
            "products",
            "product"
        ],
        "object_id": "13",
        "object_repr": "CHEF Series",
        "action_flag": 1,
        "change_message": "[{\"added\": {}}, {\"added\": {\"name\": \"\\u041f\\u043e\\u0434\\u0440\\u043e\\u0431\\u043d\\u0430\\u044f \\u0438\\u043d\\u0444\\u043e\\u0440\\u043c\\u0430\\u0446\\u0438\\u044f \\u043a \\u0442\\u043e\\u0432\\u0430\\u0440\\u0443\", \"object\": \"CHEF Series\"}}, {\"added\": {\"name\": \"\\u041f\\u043e\\u0434\\u0440\\u043e\\u0431\\u043d\\u0430\\u044f \\u0438\\u043d\\u0444\\u043e\\u0440\\u043c\\u0430\\u0446\\u0438\\u044f \\u043a \\u0442\\u043e\\u0432\\u0430\\u0440\\u0443\", \"object\": \"CHEF Series\"}}, {\"added\": {\"name\": \"\\u041f\\u043e\\u0434\\u0440\\u043e\\u0431\\u043d\\u0430\\u044f \\u0438\\u043d\\u0444\\u043e\\u0440\\u043c\\u0430\\u0446\\u0438\\u044f \\u043a \\u0442\\u043e\\u0432\\u0430\\u0440\\u0443\", \"object\": \"CHEF Series\"}}]"
    }
},
{
    "model": "admin.logentry",
    "pk": 52,
    "fields": {
        "action_time": "2020-07-29T08:29:39.795Z",
        "user": [
            "admin"
        ],
        "content_type": [
            "instagram",
            "imageitem"
        ],
        "object_id": "1",
        "object_repr": "instagram/2020/07/29/inst_1.jpg",
        "action_flag": 1,
        "change_message": "[{\"added\": {}}]"
    }
},
{
    "model": "admin.logentry",
    "pk": 53,
    "fields": {
        "action_time": "2020-07-29T08:31:14.305Z",
        "user": [
            "admin"
        ],
        "content_type": [
            "instagram",
            "imageitem"
        ],
        "object_id": "1",
        "object_repr": "instagram/2020/07/29/inst_1_6MnYrkT.jpg",
        "action_flag": 2,
        "change_message": "[{\"changed\": {\"fields\": [\"\\u0424\\u043e\\u0442\\u043e\\u0433\\u0440\\u0430\\u0444\\u0438\\u044f\"]}}]"
    }
},
{
    "model": "admin.logentry",
    "pk": 54,
    "fields": {
        "action_time": "2020-07-29T08:36:06.655Z",
        "user": [
            "admin"
        ],
        "content_type": [
            "instagram",
            "imageitem"
        ],
        "object_id": "2",
        "object_repr": "instagram/2020/07/29/inst_2.jpg",
        "action_flag": 1,
        "change_message": "[{\"added\": {}}]"
    }
},
{
    "model": "admin.logentry",
    "pk": 55,
    "fields": {
        "action_time": "2020-07-29T08:37:23.586Z",
        "user": [
            "admin"
        ],
        "content_type": [
            "instagram",
            "imageitem"
        ],
        "object_id": "3",
        "object_repr": "instagram/2020/07/29/inst_3.jpg",
        "action_flag": 1,
        "change_message": "[{\"added\": {}}]"
    }
},
{
    "model": "admin.logentry",
    "pk": 56,
    "fields": {
        "action_time": "2020-07-29T08:39:49.206Z",
        "user": [
            "admin"
        ],
        "content_type": [
            "instagram",
            "imageitem"
        ],
        "object_id": "4",
        "object_repr": "instagram/2020/07/29/inst_4.jpg",
        "action_flag": 1,
        "change_message": "[{\"added\": {}}]"
    }
},
{
    "model": "admin.logentry",
    "pk": 57,
    "fields": {
        "action_time": "2020-07-29T08:42:31.050Z",
        "user": [
            "admin"
        ],
        "content_type": [
            "instagram",
            "imageitem"
        ],
        "object_id": "5",
        "object_repr": "instagram/2020/07/29/inst_5.jpg",
        "action_flag": 1,
        "change_message": "[{\"added\": {}}]"
    }
},
{
    "model": "admin.logentry",
    "pk": 58,
    "fields": {
        "action_time": "2020-07-29T08:44:25.965Z",
        "user": [
            "admin"
        ],
        "content_type": [
            "instagram",
            "imageitem"
        ],
        "object_id": "6",
        "object_repr": "instagram/2020/07/29/inst_6.jpg",
        "action_flag": 1,
        "change_message": "[{\"added\": {}}]"
    }
},
{
    "model": "admin.logentry",
    "pk": 59,
    "fields": {
        "action_time": "2020-07-29T09:51:25.832Z",
        "user": [
            "admin"
        ],
        "content_type": [
            "reviews",
            "review"
        ],
        "object_id": "1",
        "object_repr": "\u041f\u0430\u0432\u0435\u043b",
        "action_flag": 1,
        "change_message": "[{\"added\": {}}]"
    }
},
{
    "model": "admin.logentry",
    "pk": 60,
    "fields": {
        "action_time": "2020-07-29T09:51:57.401Z",
        "user": [
            "admin"
        ],
        "content_type": [
            "reviews",
            "review"
        ],
        "object_id": "2",
        "object_repr": "\u0421\u043e\u0444\u044c\u044f",
        "action_flag": 1,
        "change_message": "[{\"added\": {}}]"
    }
},
{
    "model": "admin.logentry",
    "pk": 61,
    "fields": {
        "action_time": "2020-07-29T09:52:26.378Z",
        "user": [
            "admin"
        ],
        "content_type": [
            "reviews",
            "review"
        ],
        "object_id": "3",
        "object_repr": "\u042f\u043d\u0430",
        "action_flag": 1,
        "change_message": "[{\"added\": {}}]"
    }
},
{
    "model": "admin.logentry",
    "pk": 62,
    "fields": {
        "action_time": "2020-07-29T09:53:20.810Z",
        "user": [
            "admin"
        ],
        "content_type": [
            "reviews",
            "review"
        ],
        "object_id": "4",
        "object_repr": "\u0412\u043b\u0430\u0434\u0438\u043c\u0438\u0440",
        "action_flag": 1,
        "change_message": "[{\"added\": {}}]"
    }
},
{
    "model": "admin.logentry",
    "pk": 63,
    "fields": {
        "action_time": "2020-07-29T09:53:42.066Z",
        "user": [
            "admin"
        ],
        "content_type": [
            "reviews",
            "review"
        ],
        "object_id": "5",
        "object_repr": "\u0410\u043b\u0435\u043a\u0441\u0435\u0439",
        "action_flag": 1,
        "change_message": "[{\"added\": {}}]"
    }
},
{
    "model": "admin.logentry",
    "pk": 64,
    "fields": {
        "action_time": "2020-07-29T09:53:56.714Z",
        "user": [
            "admin"
        ],
        "content_type": [
            "reviews",
            "review"
        ],
        "object_id": "6",
        "object_repr": "\u042e\u043b\u0438\u044f",
        "action_flag": 1,
        "change_message": "[{\"added\": {}}]"
    }
},
{
    "model": "admin.logentry",
    "pk": 65,
    "fields": {
        "action_time": "2020-07-29T11:03:28.102Z",
        "user": [
            "admin"
        ],
        "content_type": [
            "products",
            "product"
        ],
        "object_id": "1",
        "object_repr": "Apple iPhone 11 pro gold",
        "action_flag": 2,
        "change_message": "[{\"changed\": {\"fields\": [\"\\u041a\\u0430\\u0442\\u0435\\u0433\\u043e\\u0440\\u0438\\u044f \\u0442\\u043e\\u0432\\u0430\\u0440\\u0430\"]}}]"
    }
},
{
    "model": "admin.logentry",
    "pk": 66,
    "fields": {
        "action_time": "2020-07-29T11:04:08.598Z",
        "user": [
            "admin"
        ],
        "content_type": [
            "products",
            "product"
        ],
        "object_id": "1",
        "object_repr": "Apple iPhone 11 pro gold",
        "action_flag": 2,
        "change_message": "[{\"changed\": {\"fields\": [\"\\u041a\\u0430\\u0442\\u0435\\u0433\\u043e\\u0440\\u0438\\u044f \\u0442\\u043e\\u0432\\u0430\\u0440\\u0430\"]}}]"
    }
},
{
    "model": "admin.logentry",
    "pk": 67,
    "fields": {
        "action_time": "2020-07-29T11:25:20.668Z",
        "user": [
            "admin"
        ],
        "content_type": [
            "products",
            "product"
        ],
        "object_id": "1",
        "object_repr": "Apple iPhone 11 pro gold",
        "action_flag": 2,
        "change_message": "[{\"changed\": {\"fields\": [\"\\u041a\\u0430\\u0442\\u0435\\u0433\\u043e\\u0440\\u0438\\u044f\"]}}]"
    }
},
{
    "model": "admin.logentry",
    "pk": 68,
    "fields": {
        "action_time": "2020-07-29T11:27:31.568Z",
        "user": [
            "admin"
        ],
        "content_type": [
            "products",
            "product"
        ],
        "object_id": "12",
        "object_repr": "\u041a\u0430\u043c\u0435\u0440\u0430 GoPro HERO7 White Edition",
        "action_flag": 2,
        "change_message": "[{\"changed\": {\"fields\": [\"\\u041a\\u0430\\u0442\\u0435\\u0433\\u043e\\u0440\\u0438\\u044f\"]}}]"
    }
},
{
    "model": "admin.logentry",
    "pk": 69,
    "fields": {
        "action_time": "2020-07-29T11:27:38.051Z",
        "user": [
            "admin"
        ],
        "content_type": [
            "products",
            "product"
        ],
        "object_id": "11",
        "object_repr": "\u041a\u0430\u043c\u0435\u0440\u0430 GoPro HERO7 Black Edition",
        "action_flag": 2,
        "change_message": "[{\"changed\": {\"fields\": [\"\\u041a\\u0430\\u0442\\u0435\\u0433\\u043e\\u0440\\u0438\\u044f\"]}}]"
    }
},
{
    "model": "admin.logentry",
    "pk": 70,
    "fields": {
        "action_time": "2020-07-29T11:28:01.940Z",
        "user": [
            "admin"
        ],
        "content_type": [
            "products",
            "product"
        ],
        "object_id": "10",
        "object_repr": "\u0411\u0435\u0441\u043f\u0440\u043e\u0432\u043e\u0434\u043d\u0430\u044f \u0433\u0430\u0440\u043d\u0438\u0442\u0443\u0440\u0430 Apple AirPods Custom Colors (\u0420\u043e\u0437\u043e\u0432\u044b\u0439 \u0433\u043b\u044f\u043d\u0446\u0435\u0432\u044b\u0439)",
        "action_flag": 2,
        "change_message": "[{\"changed\": {\"fields\": [\"\\u041a\\u0430\\u0442\\u0435\\u0433\\u043e\\u0440\\u0438\\u044f\"]}}]"
    }
},
{
    "model": "admin.logentry",
    "pk": 71,
    "fields": {
        "action_time": "2020-07-29T11:28:12.821Z",
        "user": [
            "admin"
        ],
        "content_type": [
            "products",
            "product"
        ],
        "object_id": "9",
        "object_repr": "\u0411\u0435\u0441\u043f\u0440\u043e\u0432\u043e\u0434\u043d\u0430\u044f \u0433\u0430\u0440\u043d\u0438\u0442\u0443\u0440\u0430 Apple AirPods Custom Colors (\u041a\u043e\u0440\u0438\u0447\u043d\u0435\u0432\u044b\u0439 \u0433\u043b\u044f\u043d\u0446\u0435\u0432\u044b\u0439)",
        "action_flag": 2,
        "change_message": "[{\"changed\": {\"fields\": [\"\\u041a\\u0430\\u0442\\u0435\\u0433\\u043e\\u0440\\u0438\\u044f\"]}}]"
    }
},
{
    "model": "admin.logentry",
    "pk": 72,
    "fields": {
        "action_time": "2020-07-29T11:28:25.920Z",
        "user": [
            "admin"
        ],
        "content_type": [
            "products",
            "product"
        ],
        "object_id": "13",
        "object_repr": "CHEF Series",
        "action_flag": 2,
        "change_message": "[{\"changed\": {\"fields\": [\"\\u041a\\u0430\\u0442\\u0435\\u0433\\u043e\\u0440\\u0438\\u044f\"]}}]"
    }
},
{
    "model": "admin.logentry",
    "pk": 73,
    "fields": {
        "action_time": "2020-07-29T11:28:33.147Z",
        "user": [
            "admin"
        ],
        "content_type": [
            "products",
            "product"
        ],
        "object_id": "2",
        "object_repr": "Apple iPhone 11 pro silver",
        "action_flag": 2,
        "change_message": "[{\"changed\": {\"fields\": [\"\\u041a\\u0430\\u0442\\u0435\\u0433\\u043e\\u0440\\u0438\\u044f\"]}}]"
    }
},
{
    "model": "admin.logentry",
    "pk": 74,
    "fields": {
        "action_time": "2020-07-29T11:28:44.784Z",
        "user": [
            "admin"
        ],
        "content_type": [
            "products",
            "product"
        ],
        "object_id": "3",
        "object_repr": "Apple iPad Pro 12,9\" Wi-Fi + Cellular 256 \u0413\u0411, \u0441\u0435\u0440\u0435\u0431\u0440\u0438\u0441\u0442\u044b\u0439",
        "action_flag": 2,
        "change_message": "[{\"changed\": {\"fields\": [\"\\u041a\\u0430\\u0442\\u0435\\u0433\\u043e\\u0440\\u0438\\u044f\"]}}]"
    }
},
{
    "model": "admin.logentry",
    "pk": 75,
    "fields": {
        "action_time": "2020-07-29T11:28:55.739Z",
        "user": [
            "admin"
        ],
        "content_type": [
            "products",
            "product"
        ],
        "object_id": "4",
        "object_repr": "Apple iPad Pro 12,9\" Wi-Fi + Cellular 256 \u0413\u0411, \u0437\u043e\u043b\u043e\u0442\u043e\u0439",
        "action_flag": 2,
        "change_message": "[{\"changed\": {\"fields\": [\"\\u041a\\u0430\\u0442\\u0435\\u0433\\u043e\\u0440\\u0438\\u044f\"]}}]"
    }
},
{
    "model": "admin.logentry",
    "pk": 76,
    "fields": {
        "action_time": "2020-07-29T11:29:08.628Z",
        "user": [
            "admin"
        ],
        "content_type": [
            "products",
            "product"
        ],
        "object_id": "5",
        "object_repr": "Apple iMac Pro 27\" Retina 5K Intel Xeon W 3.2 \u0413\u0413\u0446, 32 \u0413\u0411, 1 \u0422\u0411 SSD, Radeon Pro Vega 56 8 \u0413\u0411",
        "action_flag": 2,
        "change_message": "[{\"changed\": {\"fields\": [\"\\u041a\\u0430\\u0442\\u0435\\u0433\\u043e\\u0440\\u0438\\u044f\"]}}]"
    }
},
{
    "model": "admin.logentry",
    "pk": 77,
    "fields": {
        "action_time": "2020-07-29T11:29:19.348Z",
        "user": [
            "admin"
        ],
        "content_type": [
            "products",
            "product"
        ],
        "object_id": "6",
        "object_repr": "Apple iMac 27\" 6 Core i5 3 \u0413\u0413\u0446, 8 \u0413\u0411, 1 \u0422\u0411 FD, RPro 570X",
        "action_flag": 2,
        "change_message": "[{\"changed\": {\"fields\": [\"\\u041a\\u0430\\u0442\\u0435\\u0433\\u043e\\u0440\\u0438\\u044f\"]}}]"
    }
},
{
    "model": "admin.logentry",
    "pk": 78,
    "fields": {
        "action_time": "2020-07-29T11:29:31.172Z",
        "user": [
            "admin"
        ],
        "content_type": [
            "products",
            "product"
        ],
        "object_id": "8",
        "object_repr": "Apple Watch Series 5, 44 \u043c\u043c, \u043a\u043e\u0440\u043f\u0443\u0441 \u0438\u0437 \u0430\u043b\u044e\u043c\u0438\u043d\u0438\u044f \u0441\u0435\u0440\u0435\u0431\u0440\u0438\u0441\u0442\u043e\u0433\u043e \u0446\u0432\u0435\u0442\u0430, \u0441\u043f\u043e\u0440\u0442\u0438\u0432\u043d\u044b\u0439 \u0431\u0440\u0430\u0441\u043b\u0435\u0442 \u0431\u0435\u043b\u043e\u0433\u043e \u0446\u0432\u0435\u0442\u0430",
        "action_flag": 2,
        "change_message": "[{\"changed\": {\"fields\": [\"\\u041a\\u0430\\u0442\\u0435\\u0433\\u043e\\u0440\\u0438\\u044f\"]}}]"
    }
},
{
    "model": "admin.logentry",
    "pk": 79,
    "fields": {
        "action_time": "2020-07-29T11:29:40.207Z",
        "user": [
            "admin"
        ],
        "content_type": [
            "products",
            "product"
        ],
        "object_id": "7",
        "object_repr": "Apple Watch Series 5, 40 \u043c\u043c, \u043a\u043e\u0440\u043f\u0443\u0441 \u0438\u0437 \u0430\u043b\u044e\u043c\u0438\u043d\u0438\u044f \u0441\u0435\u0440\u0435\u0431\u0440\u0438\u0441\u0442\u043e\u0433\u043e \u0446\u0432\u0435\u0442\u0430, \u0441\u043f\u043e\u0440\u0442\u0438\u0432\u043d\u044b\u0439 \u0431\u0440\u0430\u0441\u043b\u0435\u0442 \u0431\u0435\u043b\u043e\u0433\u043e \u0446\u0432\u0435\u0442\u0430",
        "action_flag": 2,
        "change_message": "[{\"changed\": {\"fields\": [\"\\u041a\\u0430\\u0442\\u0435\\u0433\\u043e\\u0440\\u0438\\u044f\"]}}]"
    }
}
]
